author,text,likes,published_at
@Mesra-ex2dz,Cuman gmn aja bikin birahi aneh njirr😹,0,2025-07-15T00:07:41Z
@anomali_hytam-q2q,Mending versi fanart apa cosplay ny  dari pada versi balok anj😂,0,2025-07-14T12:39:18Z
@LiusLius-c6p,Kotak kotak anjirr,0,2025-07-14T11:40:57Z
@Aushrtz,Bawa Santai Aja Lah Suka Gpp Yakan Kita Gbisa Apa Apa Cuma Cantik Doang Mending Nonton Skibidi BRR 🚽🚽🚽,0,2025-07-14T10:18:36Z
@cisco_Static777,Terakhirnya cokkk☠️💀,0,2025-07-14T07:27:37Z
@nihayah212,Mending berhenti buka buka aurat Allah tidak akan memberikan siapapun membuka auratnya,0,2025-07-14T03:23:27Z
@DhavinApin,Em masalah nya gw cowok cok najis jadi cewek,0,2025-07-13T20:34:40Z
@Eugenz-Satria,"Anomaly:oi ayo main Roblox banyak karakter yang bla bla bla bla bla

Gw:bre ayo main Roblox gojira suitborn udah update",0,2025-07-13T16:08:57Z
@aryanesa-jy6go,Bukti pria punya selera 😂,0,2025-07-13T14:57:19Z
@Looked209,Jawaban nya ga normal kalo cuma suka ama characternya aja :/,0,2025-07-13T11:01:34Z
@Mochi_A291,"Gambar nya sangat ""astagfirullah"" 😤",0,2025-07-13T08:29:46Z
@Aku_Gabut112,si oji birahi ama gerakannya dari yang kulihat,0,2025-07-13T03:25:45Z
@ParwoBloxx,"@𝓜𝓪𝓻𝓼𝓮𝓵𝓥𝓸𝓷𝓐𝓼𝓽𝓻𝓮𝓪:kalo cara berpakaian ya karena setiap orang punya hak atas kebebasan berekspresi, termasuk dalam cara berpakaian (Pasal 19 DUHAM – Deklarasi Universal HAM). Emang bisa dilarang di beberapa negara dgn hukum syariah/konservatif. Masalahnya ini tuh game, dia juga ga ada niatan buat mancing para gooners. murni cuman buat lucu2an",0,2025-07-13T01:08:15Z
@MucDuongTran,😡😡😡,0,2025-07-13T00:35:35Z
@Gevio-t9d,HIDUP CANGCUT🤪🤪🤪🤪🤪,0,2025-07-12T16:30:59Z
@Scndyn,Kakinya ada sudutnya gitu,0,2025-07-12T15:46:06Z
@joshuasibuea2574,Dari pada lihat keginian mending jadi bajak laut aje,0,2025-07-12T15:44:02Z
@EXAl-4,Yang banyak itu grow a garden 😎👊,0,2025-07-12T14:53:10Z
@KryptoniteCH,Original song?,0,2025-07-12T08:59:01Z
@MuhammadAbiga,"Gw main roblox karena:seru.ngakak
Oji wahyudi main roblox karena:birahi sama kaki gajah🤓",0,2025-07-12T06:50:09Z
@ZaernurMoilo,😘😘😘😘😘😘😘😘😘😍😍😍😍😍,0,2025-07-12T05:34:10Z
@RusDiana-f6e,Antum birahi ama balok 😂😂😂,0,2025-07-12T04:40:41Z
@VeemoonXA,Stress 🗿,0,2025-07-12T04:03:33Z
@awfi267,santai aja masse,0,2025-07-11T21:20:35Z
@Alkia12,antum birahi sama kaki gajah😂😂,1,2025-07-11T17:46:24Z
@faishalalfarisi1423,"mana ada
roblox udh rame dari dulu
bahkan akunnya melewati batas populasi manusia saat itu",0,2025-07-11T16:35:27Z
@iis_-07,Tapi saya saya main roblox bukan karena avatar ini tapi karena seorang lanang yang ngedrift di Brookhaven,0,2025-07-11T15:37:41Z
@DiegoAlexander-w1h,Ternyata lebih baik ngewaifuin hoshino,0,2025-07-11T15:35:22Z
@NXXA80,Tidak normal,0,2025-07-11T14:59:48Z
@revengeformyfamily,Avatar anomali,0,2025-07-11T14:44:36Z
@Arkanamaliq-r8q3t,tolong aku sesat gamau lagi😭,0,2025-07-11T14:31:14Z
@Arkanamaliq-r8q3t,sesat,0,2025-07-11T14:30:51Z
@ratnaningtyas7141,roblox itu viral karens grow a garden muncul dotv indo,0,2025-07-11T12:46:35Z
@Nofal_cihuyy,Wahyu di Wahyu di 🗿,0,2025-07-11T12:45:45Z
@yanyanto_yatim,Mendin jadi petani ganj#,0,2025-07-11T10:10:13Z
@givehappyboxer,Birahi sama dua batang persegi,0,2025-07-11T09:52:53Z
@GemWNeverDie,menyukai mah normal tapi kalo sange mah beda,0,2025-07-11T09:08:08Z
@nuralammawardah5046,Mending gua main Roblox karena Forsaken,0,2025-07-11T08:33:57Z
@daniumasugi5242,Amerika sekarang bisa menunjukan sisi gelap mereka,0,2025-07-11T08:25:46Z
@jeremiahethaniel4068,AYO WHAT THE,0,2025-07-11T07:47:23Z
@NurelahBela,Antum birahi sama balok💀,0,2025-07-11T03:50:00Z
@Pamungkas_02,Birahi Ama kotak🗿,0,2025-07-11T02:54:19Z
@itachi-r4y,Dicari Oji wahyudi  jika anda menemukan orang ini langsung telpon ke saya,0,2025-07-11T02:52:45Z
@Nuriel_a10,Anda birahi dengan lego? Sudah tidak tertolongkan 😭,0,2025-07-10T15:30:10Z
@SuarTawan-no7im,Aote lah bg roblok  mah biarin aja bahas aote  aja bg lebih seruuu,0,2025-07-10T14:40:37Z
@nununsumiarsa2295,"bro, membanggakan style nya sendiri, padahal terlihat menjijikan + buat apaan kek gitu emang, gara gara ulah manusia yang terobsesi dengan Gooner style, style gituan gak ada gunanya",1,2025-07-10T13:26:25Z
@Jack_473,Cmn orang gila yang sang3 sama karakter roblox 😹,0,2025-07-10T13:13:47Z
@AdiyatAZAhmadi,Sesat,0,2025-07-10T11:57:41Z
@RanzGege,"Kalo suka ama pp yg di pake alin sih normal aja, tapi kalo versi roblox dan paha kotak sih...",0,2025-07-10T08:43:16Z
@rupatin5006,Oji Wahyudi ingin nikah Ama Avatar Roblox 🗿,0,2025-07-10T06:14:39Z
@biyudoang,Hell nah birahi sama kardus😂,0,2025-07-10T05:07:19Z
@BambangIrawan-sg1kh,hadeh GOBLOX!!!!!!!!!!!,0,2025-07-10T03:59:07Z
@KhairuddinMahendra-dk3ed,Bro belum tau R63😋😋😋,0,2025-07-10T02:46:29Z
@FatihGeming-b2x,"Ko jadi bahas roblox min🗿, harus nya bahas anime🗿🗿🗿🗿🗿🗿🗿🗿🗿🗿🗿🗿🗿🗿🗿🗿🗿🗿🗿🗿🗿🗿🗿🗿🗿🗿🗿🗿🗿🗿🗿🗿🗿🗿🗿🗿🗿🗿🗿🗿🗿🗿🗿🗿🗿🗿🗿🗿🗿🗿🗿🗿🗿🗿🗿🗿🗿🗿🗿🗿🗿🗿🗿🗿🗿🗿🗿🗿🗿🗿🗿🗿🗿🗿🗿🗿🗿🗿🗿🗿🗿🗿🗿🗿🗿🗿🗿🗿🗿🗿🗿🗿🗿🗿🗿🗿🗿🗿🗿🗿",0,2025-07-10T02:41:03Z
@Xabre_MC,Antum birahi sama balok,0,2025-07-09T23:08:26Z
@Fanzz_gaming17,"""antum birahi sama avatar roblox?"" 😂",0,2025-07-09T22:24:47Z
@Rexxy-M1,Cantik banget gilak🥵,0,2025-07-09T22:17:09Z
@HABIBI_Robloxanimation,"Bang
 Gua sampe minta edit sama Cici dan aku suru BHnya hilang kan dan malah baju sama BHnya ilang sama di kasih yang pakai celana dalam",0,2025-07-09T17:08:37Z
@rimbosementara1,"KLO ak ga birahi anjr malah dalam hati gwe bilang 
(Buset cntik bet , andai ada yang kek gini di dunia nyata, lgsung gwe temba)",0,2025-07-09T16:06:03Z
@dilongginanda,stres jir,0,2025-07-09T15:31:29Z
@Kingoffical-srm,Untung gue main ML hehehe,1,2025-07-09T12:58:52Z
@ErvandyPermana,Kan Wahyudi,0,2025-07-09T12:04:39Z
@leo6910-v6p,💀💀bro sudah terangsang,0,2025-07-09T11:37:10Z
@Aiartistzz,oji wahyudii,0,2025-07-09T11:19:50Z
@Zavier-i8u,Nanjis gw bang2x,1,2025-07-09T11:05:57Z
@L1feMac,suka sama anime si lumayan normal tapi ini🗿,0,2025-07-09T10:52:48Z
@netzxi,GAK JIR GW AJ GK SUKA AMA KARAKTER KOTAK²🗿🙏,0,2025-07-09T10:25:57Z
@ragilsaputrosutaryono5463,Mending ava bacon aying 🗿👍🏻 gratis,0,2025-07-09T09:49:08Z
@sida-vega,"MENURUT KU NORMAL SIH, MASA CUMA KARNA AVATAR JADI GAK BOLEH MAIN ROBLOX GITUH",1,2025-07-09T07:44:20Z
@UklikElek,😭😹 juga dapat menyerap air mata,0,2025-07-09T07:37:01Z
@JamalMansur-c1m,Dari pada pada gituan mendingan admin zioles yang irengggggg😂😂😂,1,2025-07-09T06:36:44Z
@dhirzz1,Tiba² klarifikasi😹,0,2025-07-09T06:26:56Z
@Nabilsyafiqafik,Festis mereka sneh bgt suka avatar roblox 🗿,0,2025-07-09T06:18:44Z
@GD_RIF_MEGALODON_FISH,Biase aj 🗿,0,2025-07-09T05:47:29Z
@taufiqlegen88,Ah normal ini mah,0,2025-07-09T03:49:10Z
@Broo-p5s,Ga wajar bang kalo suka sama balok,0,2025-07-09T03:18:05Z
@Harris12390,Owalah kak alin🗿,0,2025-07-09T02:04:02Z
@bargojengkol1211,Seters,0,2025-07-09T01:33:50Z
@TILBOWAW,Mending ama roblox bang dari pada real life😂,0,2025-07-09T01:02:28Z
@roblox70-h5e,Itu akun si cewek itu ada di YouTube atau di TikTok mau di laporin,0,2025-07-08T21:49:19Z
@williamrm5951,mending sange sama anime dri pada sange sama roblox kotak kotak yah mirip mirip mincraft kotak kotak,0,2025-07-08T19:07:43Z
@dirgantarazonano,akudah biasa sama ini,0,2025-07-08T18:20:47Z
@al_ess,Sumpah gua capek lihat ginian pensiun gua Roblox nanti,0,2025-07-08T17:52:02Z
@Sanrio921,gw yang main jailbreak doang belike💀,0,2025-07-08T16:30:59Z
@Warhawkk,"Heran gw ma orang yg ampe birahi.
Kalo gw liat emang lucu canti. Tapi gk ampe Birahi juga. Itu dah gk waras/kebanyakan nonton anime, wibu nolep",0,2025-07-08T15:49:45Z
@Hatcher4,Oji Wahyudi Ingin Savage dengan block minecraft bruh😂😂😂,0,2025-07-08T15:11:43Z
@sah4t,"Lebih bahaya minecraft sih rasa ku 😅
Ytta lah.",1,2025-07-08T14:54:35Z
@dark_hunter1118,Gw tertarik gara gara 1 game yaitu blox fruit dan itu yg membuat ku bermain roblox 🗿,0,2025-07-08T08:02:16Z
@KAWAKUJO,Uzai,0,2025-07-08T05:16:32Z
@YanzreSCRN907,BROOO PLIS STOP LAH GW CMN MO MAEN HAVE FUN AJA KNP HRUS DI BAHAS YG GINI TRUSS JIR CREATOR NYA JG UDH KLARIFIKASI 😭😭😭,2,2025-07-08T03:10:45Z
@AFRIANZA_0,benda itu kotak 😂😂😂,0,2025-07-08T01:55:58Z
@GantaBogeng,Iya bg si alin otak nya udah kayak dontoll,1,2025-07-08T00:44:20Z
@YANTOKECE8,TAK NORMAL SEJAK KAPAN ADA ORANG BIRAHI SAMA KOTAK,0,2025-07-08T00:10:11Z
@Kay_Fox99,Bawa santai saja 🙃👍,0,2025-07-07T18:27:28Z
@m.jabbarazhar1529,hadeh veteran roblox sejak 2020 liat ini kecewa sih,0,2025-07-07T14:03:45Z
@Jackie-h9y,"Sebelah cuk malah bilang lebih sehat suka anime padahal, sama sama ga sehat yang satu suka balok yang satu lagi suka halusinasi 😂😂",0,2025-07-07T13:36:02Z
@bikomang,Biar gaada org dongo gini kek alin,0,2025-07-07T13:13:33Z
@bikomang,Di rblx yg dlu aj dah,0,2025-07-07T13:13:15Z
@TandoTando-y6g,Apakah kamu suka Avatar Roblox ya kamu stres bro stres 😂😂😂😂,0,2025-07-07T12:36:57Z
@galih29-n7u,Aku di brookhaven barak militer 💀,0,2025-07-07T12:19:27Z
@BngKolil,Birahi ama balok,0,2025-07-07T11:19:03Z
@Ahdanahtar-q2h,Gua mah dari pak GM,0,2025-07-07T10:13:34Z
@Tiramisu.Latte2509,Gua yg main roblox liat beginian jadi ga main roblox lg🗿,1,2025-07-07T06:59:27Z
@Adrian-y5s9t,"Sendang Lanang yang main forsaken:
Pilih killer apaan ya",1,2025-07-07T06:53:30Z
@habiebieaufadzaki2353,Pasti yang nonton fokus karena tob***🗿💀,0,2025-07-07T04:35:10Z
@VILAIN_upin,gua pwngen ketemu orang ya biar minta robux😂😂😂😂😂,0,2025-07-07T03:49:02Z
@ASEP-0804,Oji Wahyudi : Aku c**tt,1,2025-07-07T03:21:59Z
@BlueXel-l3b,"avatar itu mungkin bagus, keren, cantik, tapi kalo anda birahi malah ngajak temen, lu kek donto-",1,2025-07-07T02:14:36Z
@SantoruGaming,Org waras mana yg birahi sama karakter kotak kotak😂😂,0,2025-07-07T01:46:43Z
@drakeano,Si valen iseng buat malah jadi trend anjir awoakwok,0,2025-07-07T00:19:54Z
@NauraKhairunnisaRamadani,plis gw nyesel deh pake badan body blush😭😞,0,2025-07-07T00:14:50Z
@AzrilAzril-o2f,dari pada pantengin vidio tuh mendingan gw nonton tutorial cara bernafas,1,2025-07-06T19:24:21Z
@S3PT14N,Aman bg b wae gw,0,2025-07-06T17:21:04Z
@EL-EDITZ-9999,Birahi Ama kotak 😂😂,0,2025-07-06T16:45:22Z
@maskplay123,"Bingung gw, ini generasi bukannya semakin maju malah semakin gilaa, aneh udah",1,2025-07-06T15:25:28Z
@eppilestari3666,Gw tau roblox dari teman,0,2025-07-06T11:32:40Z
@Zero_Grafity,game roblox ramai karena grow a garden sama trend itu doang 😂,2,2025-07-06T11:10:39Z
@veldora_25,"Ah sudah lah,udah beberapa tahun,tragedi ini mengingatkan kembali akan seseorang dari jepang yang nikah dengan karakter hitsune miku,ah man ayolah,itu hanya semua karakter,jangan sampe warga indo ada yang ngeluarin duit sampe ratusan milyar,buat nikah sama karakter itu,cukup sekertaris desa yang korup dana desa sebesar 500jt buat top up ML,",0,2025-07-06T10:02:14Z
@RAKHWANGY,Oji wahyudi oh oji wahyudi😹,0,2025-07-06T09:55:07Z
@UnLucky217,"birahi ama gituan? ga waras, yg bikin char ga masalah, yg masalah tuh otak kalian sangean anjir, otak nya di simpen di tytyt",0,2025-07-06T07:55:42Z
@Soldier64738,Kreatornya sendiri sampai hiatus hanya karena si Oji,0,2025-07-06T07:25:43Z
@pencintakeindahan3406,Yoooo haram,0,2025-07-06T07:17:17Z
@Car-and-shot,Cuk balok,0,2025-07-06T07:15:03Z
@mahiiruuchaan,Ah normal inimah😂,0,2025-07-06T07:12:16Z
@rizwanmaulana5766,Namanya jg wibu ya gitu kalo ga cabul ya stress,0,2025-07-06T07:00:18Z
@Dimas.ahmad_muzaki.07,"Kayaknya ODGJ masih mending ketimbang Oji, hell nah ☠️☠️",0,2025-07-06T06:45:16Z
@Newgate_N,Ban roblox. 😊,0,2025-07-06T06:25:01Z
@Wahyu-v8o,Oji wahyudi,0,2025-07-06T06:24:58Z
@SenseiArguzz,Birahi ama balok,0,2025-07-06T06:02:22Z
@DarleloDarlelo,oji wahyudi ingin menikah dengan karakter Roblox 😂😂😂😂😂😂😂,3,2025-07-06T05:38:31Z
@zhym_sweetluvv,meanwhile gw cwe ava cwo🤭🤭,1,2025-07-06T05:31:51Z
@SUPERBANDBIKINIBOTTOM,Apalah cik birahi sama balok,0,2025-07-06T05:03:49Z
@keonggondang989,"Lah jaman gw dulu sama aja, bedanya low poly 🤣🤣",0,2025-07-06T04:50:06Z
@nazxwa,Pas aku liat akun tik tok nya kok Dikit🗿,0,2025-07-06T04:00:29Z
@AkiraApgan,Wahyudi wahyudi😭,0,2025-07-06T03:26:36Z
@feirx038,diaitusus di roblox lu juga gw ada tau,0,2025-07-06T01:33:22Z
@feirx038,😠😠😠😠😠😠dia itu sus di roblox lu,0,2025-07-06T01:32:08Z
@feirx038,sus!!😠,0,2025-07-06T01:30:53Z
@tuyulhijau123,Roblox viral karena gag,0,2025-07-06T01:21:00Z
@shovartube,"Ah normal itumah, temen gw gambar muka di bola barunya malah dibuat jadi istri🗿🗿",0,2025-07-06T00:37:50Z
@Dsariqullahhh123.,nanggung banget mending lu liat hentai.,0,2025-07-05T21:43:11Z
@AqHR-t4d,amboiiii sodapnyoooooo,0,2025-07-05T17:29:36Z
@HaruCh007,"Ga ngapa ngapain, ga Nyenggol malah makin rame 💀",1,2025-07-05T16:26:38Z
@Agus-gz1zr,Mereka ngak terselamatkan 😂😂😂😂,0,2025-07-05T15:30:51Z
@pgwpills,"Jadi males main roblox dah, jadi game cari pacar sama caboel 👺",0,2025-07-05T15:24:28Z
@GdeTeo,Biasa goblok,0,2025-07-05T14:46:17Z
@Lamka_chanel,oji Wahyudi mana tahan,0,2025-07-05T14:23:49Z
@Samurai-Vvvv,Orang gila mana yang birahi ama Lego anjg,0,2025-07-05T13:04:34Z
@KingAbhin,Antum birahi😂,1,2025-07-05T12:47:05Z
@NugiAswanaska,Birahi sama Avatar Alin🗿,0,2025-07-05T12:28:30Z
@BakulsembakoSugih,Gw gk pernha nonton chanel dia dan gw gk terpengaruh karena dia dan gw masuk roblox tapi karena kelihatan seru,0,2025-07-05T11:47:30Z
@ibnu374,anjir gw gak bisa berkata kata,0,2025-07-05T11:41:17Z
@jimmyaditiya8279,Wkwk bocah banyakan colay ya gtu,0,2025-07-05T11:36:34Z
@Arya-z8o7x,Menurut gua mah si wahyudi yang salah si alin mah cuman berkreasi,1,2025-07-05T11:30:33Z
@RafliGM,Itu udah gak normal bg itu udah ganguan jiwa,0,2025-07-05T11:09:01Z
@S_Memer89,Fomo dasar orang orang menyedihkan ha punya pasangan,0,2025-07-05T10:51:52Z
@RealmeC11-vo2gu,Jir ada yang mau birahi sama balok kalo gw mah lebih baik Mabar blood strike nice 👍,0,2025-07-05T10:29:36Z
@SeptianTian-j7d,Roblox sekarang pada gak seru terus Sus lagi,0,2025-07-05T08:34:05Z
@RayaNurMubarok,HELL NAHH aneh aneh aja 😅,1,2025-07-05T08:18:45Z
@nqtsuuuo5567,"Klo mau ava ky gini mending amin zepeto aja, roblok gim buat bocil jir",0,2025-07-05T08:04:40Z
@stefanuspenes5555,"Player report: lihat itu ada yg sus 

Roblox: ha itu bukan urusan ku",1,2025-07-05T07:34:17Z
@ARROYAYAN,"Yang di tutup pake warna hijau tuh Sus sam ngetod 🗿🗿🗿🗿🗿🗿
🗿🗿🗿🗿",0,2025-07-05T07:32:43Z
@NotPostAnymore,"Char On average KU
Helm  F1 2022
baju Default Free
kalung 24K Gold dari event sama kacamata
celana Default Free :V HEHE",0,2025-07-05T07:05:40Z
@cathrinechandranadi10,Salah yang benar dari grow a garden,0,2025-07-05T07:01:26Z
@ArdanArdan-t1m,Bro gw ga sus,0,2025-07-05T06:57:32Z
@リフ期です,User redit yg suka sama mobil : ah normal ini,0,2025-07-05T06:36:10Z
@Zyland_taufik,Roblox sebenarnya game ramah cuman dimainkan sama bocah 18+ yg mikirnya udah kgk waras ya WAJAR AJA IQ INDO -10,0,2025-07-05T06:35:48Z
@Pabiangg,Game roblox dah rusak tae banyknya r63 r36 malas kalau gini main lagi,0,2025-07-05T06:29:52Z
@nepaajj,"GA NORMAL ,SAMA KAYAK YG CINTA SAMA KARTUN",0,2025-07-05T06:16:28Z
@woilah-rek,Sebenarnya orang yang sange sama karakter fiksi termasuk anime atau karakter game itu udh gila,0,2025-07-05T06:10:15Z
@HAYPER_GAMERZFREEFIRE,oji oji,0,2025-07-05T06:05:06Z
@Razornanimation,bocah ngawor,0,2025-07-05T05:19:28Z
@RobbilAlfiansyah,Gue suka gila di roblox bang gak kayak itu tambah gue suka jahil,1,2025-07-05T04:49:35Z
@thepeopleplaygroundonly13a28,Mending pakai r6 aja sih💀,0,2025-07-05T04:46:37Z
@king1reng,Aneh si ya banyak orang yg sange sama kotak kotak (karakter Roblox),0,2025-07-05T04:46:33Z
@bintangsurya,BIASANYA BAHS ANIME KALI INI BAHAS GAME,0,2025-07-05T04:22:27Z
@fazrul_yt9032,roblox sudah bukan roblox yang kukenal lagi🗿,0,2025-07-05T04:11:29Z
@IlhamMC001,Aneh jir masa suka sama character🗿🗿,0,2025-07-05T04:08:16Z
@Reflan-d7o,Definisi dari puncak fans roblox 😂,0,2025-07-05T03:41:38Z
@darrellhendraarmy152,"Tapi inget,biasanya yang ava cewe cantik gitu ada yabg cewe beneran ada yang cowo,jai biasanya kalo masang tiktok gitu cowo nyamar,kaya temen gw dia cowo tapi pasang swnya ava cewe cakep dan itu avatar roblox dia sendiri dawg🗿",0,2025-07-05T03:27:19Z
@SPRINGTRAP-55,"Anda birahi sama kotak 
Cepat lah tobat oi jangan coli terus",0,2025-07-05T03:21:12Z
@ArsyadMhd,Aneh + gaguan jiwa anjir suka kok sama paha kotak aduh dasar bocah ingat Roblox bukan untuk anak anak 14 kebawah,0,2025-07-05T03:00:55Z
@khatrinanabilah4704,salah karna rame grow a garden,0,2025-07-05T02:52:52Z
@ARKNZ_FVRTZ,"Gw player roblox 4 tahun cuma main map horror dan battlefied terusan, walaupun terkadang menahan nafsu dari karakter kotak imut, unyu, dan s**si itu 🗿",1,2025-07-05T02:50:24Z
@AfkarElfadla,Najis cok mending waifu,0,2025-07-05T02:05:17Z
@fanxforsaken,Untungnya gw main forsaken😂😂,0,2025-07-05T01:38:58Z
@robloxmeme_edit,Rata rata karakter kayak gitu boti coy🤚😂✋,0,2025-07-05T01:30:28Z
@Ryuu888gfx,Oji keknya udh kena lcd nya😂,0,2025-07-05T01:25:07Z
@Realmepro3jetispateb0NSebelas,Oji Wahyudi panas panas sange ey,0,2025-07-05T01:23:34Z
@getz8090,Alin ketauan mamahnya 🤭,1,2025-07-05T01:19:43Z
@alfatharachannel9805,"Orang gila dia co , dia mau ya itulah",0,2025-07-05T01:07:11Z
@IndoSumatraOfficial,Alamak Roblox sekarang tidak seperti dulu lagi ☕💀,0,2025-07-05T01:04:11Z
@ahtong6567,Gw palingan suka game tembak tembakan fi roblox,1,2025-07-05T00:48:51Z
@ZitnySebastiancahyano,Gw masih tetap setia dengan wot blitz,0,2025-07-04T23:11:20Z
@LordYuii,Ganggu jiwa sih yg bener kalo suka Ama ava nya 🗿,0,2025-07-04T22:50:56Z
@AhmadaliRusdan,alah bocil itu,0,2025-07-04T22:39:00Z
@Wibucihuy,"Ya ya ... YA ITU NAMANYA GILA ANJIR, bayangin kalo lu suka sama karakter game bullsh** kyk gitu wah gila lu anjir, berotak San**  lu
Bayangin orang tua lu yang denger lu san** sama karakter game langsung ancur harapan ortu bejir😂😂😂
Sudah lah bang mari kita kejalan yang benar JANGAN SAMPE SAN** SAMA KARAKTER GAME (btw ini buat yang San** sama karakter Roblox)",0,2025-07-04T22:07:32Z
@Ashuraa69,Orang gila💀,0,2025-07-04T21:09:47Z
@REGISKUYBOY,Gw main roblox buat blox fruit 😅,0,2025-07-04T19:39:40Z
@GeorickGrande,Gara-gara grow a garden roblox jadi viral bang! Gua udah jadi warga grow a garden,1,2025-07-04T18:13:10Z
@abilzz-1306,Gila ada yang birahi sama ava rblx 😹😹,0,2025-07-04T17:53:56Z
@CelloAzka-u2w,Sus bang,0,2025-07-04T17:38:21Z
@ArVittz_CH,ABSOLUTE FREAKY✋🗿🤚,1,2025-07-04T17:28:19Z
@gilbertosuhandi4312,"Daripada peduliin soal skin doang, mending main GAG aj😊",0,2025-07-04T16:58:54Z
@ayunda-5,Menurutku tidak pantas untuk menjadi konten Roblox karena itu haram kitab suci aja tidak boleh melihat itu,1,2025-07-04T16:53:37Z
@mazkasyawal,keren? dongo,0,2025-07-04T16:06:55Z
@ahmadfaizals1099,"Vann: ""Gw mah netral aja, cuma s*nge dkit sama char cwe roblox kalo gk gtu s*nge sama cwe anime""",0,2025-07-04T15:53:01Z
@LigggSyamm,Bahan coli,0,2025-07-04T15:50:16Z
@AkmalnonoNono,"Coba cek,akunya Alin udah ilang entah kemana😂",2,2025-07-04T15:18:09Z
@Ridho-saja15,Stresss,1,2025-07-04T14:58:48Z
@zofaraziz4699,Perasaan yg bikin rame gara gara game grow a garden🗿,0,2025-07-04T14:39:26Z
@Mr_sanzz13,"Roblox rame bukan karena dia
tapi karena grow a garden 😂",0,2025-07-04T14:13:05Z
@MIKASA_edit-u1,punya ku aja Mikasa jadi yaaaa gk yerbuka lah,0,2025-07-04T13:58:12Z
@isaayubi781,Bg lusa gw mondok dadah bg🥲,0,2025-07-04T13:56:53Z
@joybastian8578,Wkwkwk gua main dari 2019 bukan karna sus tapi karna seru😂,0,2025-07-04T13:27:32Z
@真実のない人生,G,0,2025-07-04T13:13:57Z
@Eaglewingers,Bukannya emang ud rame ya bang,0,2025-07-04T12:38:47Z
@seanyuki-p3f,😂😂😂😂😂😂wkwkwkwkwkw,0,2025-07-04T12:14:48Z
@bikomang,Cringe itu mending bacon sih,0,2025-07-04T12:10:17Z
@erwinwijaya2945,Nafsu kok ama kotak kubus...😮...dulu roblox kotak2 soalnya😅,0,2025-07-04T12:09:17Z
@icmalgaming,Emang udah gak waras para gen alpha :v,0,2025-07-04T12:01:55Z
@aryadanu4432,"""karakter Roblox bikin Aceng""yaampun😂",0,2025-07-04T11:57:54Z
@noah_socool198,Dulu robux gratis tapi sekarang bayar,2,2025-07-04T11:52:43Z
@KhoirulAnam-z6y,Hell nah,0,2025-07-04T11:45:48Z
@anomalywibu,Orang lain bikin char Roblox yg lain keren bagus atau jan jan sus lah gw malah bikin ava jawa njir 🗿,1,2025-07-04T11:45:18Z
@speednaikmoto,Mending jadi petani 😂,0,2025-07-04T11:14:56Z
@Muhammad.Rosada,Normal untuk orang bodoh,0,2025-07-04T11:14:13Z
@Save_and_free_palestine,"Versi fan artnya masih mending njir kek anime anime gitu, tapi kalau versi game kok bisa ada yang sange?",0,2025-07-04T11:00:25Z
@daxlopez5651,Dia benar benar gila,0,2025-07-04T10:59:08Z
@Mungkin123,Oji Wahyudi 🤭,0,2025-07-04T10:48:54Z
@DJVNX08,Oji wahyudi🥀,0,2025-07-04T10:25:20Z
@justzamxx,Oji wahyudi 💀,0,2025-07-04T10:14:13Z
@jeraldhotmartua6975,Aku benci anime satu itu bro 😡😡🤬🤬😱,0,2025-07-04T06:43:13Z
@syanz.,Orang gila,0,2025-07-04T03:54:07Z
@Hi_hi-us,Udah gk wajar birahi sama character roblox💀💀,0,2025-07-04T03:30:07Z
@DENZZ1102-h8o,Udh gk normal😂,0,2025-07-04T03:19:30Z
@EvosRrqGalang1234,"Harus di ban,nanti anak anak liat",0,2025-07-04T02:50:20Z
@RKzaks_1,Gua main roblok gk cinta sama char roblox kalo gua cinta sama char roblox sinting gua. Gua pengen kaya di grow a garden bukan cinta sama char roblox,0,2025-07-04T01:41:49Z
@rayyanrafif4347,mana tahan 😋,0,2025-07-04T01:36:41Z
@white-rabbitOfficial,𒉭,0,2025-07-04T00:14:40Z
@OttoVonspielberg,Oji wahyudi 😂😂😂,0,2025-07-03T18:08:03Z
@SmoolEi,Ad versi bok- nya ga? Brp gb kalok ada?,0,2025-07-03T15:57:27Z
@askagibran6520,Roblox sekarang bukan geme untuk anak anak,0,2025-07-03T12:28:24Z
@NoobCoc-k7p,Pantes sekarang kalo main ada batas usia sekarang dulu kan ga ada🗿,0,2025-07-03T11:26:39Z
@abidzaralfatih-u3f,Main Roblox si boleh tapi jangan birahi juga,0,2025-07-03T11:17:43Z
@abidzaralfatih-u3f,Gue pengen ketawa anjir,0,2025-07-03T11:17:27Z
@cadalchan,"Biasa aja ah Avatar nya 
Mending punya pacar Solehah, rajin,penurut,bisa masak,dan yg paling penting bisa main ml sama gw 😂",0,2025-07-03T10:40:27Z
@dandadandi,Player roblox sekarang udah melenceng,1,2025-07-03T09:20:22Z
@ismailiwankalashnikov710,"Aduhai ini game isinya bocil bocil loh
Gw pernah ketemu player Avatar kayak gitu umur nya 10 tahun jir
Mana pacaran sama orang random💀",0,2025-07-03T06:05:53Z
@Beneddetta-b9n9w,wanjr di bahas dong😭,0,2025-07-03T05:00:23Z
@NoisiV29,Gara gara grow a garden ga sih,1,2025-07-03T04:49:36Z
@inoymnka,kesukaan oji wahyudi😹😹,0,2025-07-03T04:17:12Z
@yogiamanda5094,Stress,0,2025-07-03T04:17:11Z
@BUNTALTWERBANG,Roblox udah gak gak toleran ana bocil,0,2025-07-03T04:13:30Z
@EL_ExpLord_284,"Hey yoooo, chill aut broo",0,2025-07-03T04:12:25Z
@triq_0130,untung gw main gegara mau main GAG🗿,1,2025-07-03T03:47:03Z
@XiaoHereee,Karakter roblox sekarang vulgar bet anjir😹,0,2025-07-03T03:42:04Z
@setanlu-t1k,hell nah💀,0,2025-07-03T03:14:15Z
@afnansukafreefire,"Yang suka roblox
👇",0,2025-07-03T03:07:26Z
@rezamaulana7810,Birahi pada roblox 😂 apakah kalian sudah tidak waras,0,2025-07-03T02:16:51Z
@DEKY_SZ,"kalo dibilang gak normal, ya emang gak normal. tapi mendingan dibawa santai saja, lagian birahi sama karakter game gak jarang juga. ada yang birahi sama 2B atau mungkin karakter dari game lain, hal kayak gini tuh emang gak normal. tapi giliran ada yang birahi sama avatar Roblox baru koar-koar, padahal birahi sama karakter game udah bisa dibilang umum banget",0,2025-07-03T02:14:21Z
@darkangels9080,Kenapa admin bahas ini woylah😂😂😂,0,2025-07-03T02:12:57Z
@Lokingsometisbatteer,"Awokawokawok ,binal ama paha kotak🤣",0,2025-07-03T00:54:26Z
@wildriftranger,Game sesat kumpulan para bocil😂😂😂😂,0,2025-07-03T00:21:07Z
@YulianaYuli-np7kp,Cantik sih tapi kalo birahi sama karakter lu gila sumpah mending lu main ff terus ml cari cewek reall dari pada lu birahi sama karakter Roblox GK jelas walaupun cantik ya gila lu saya aslinya dua orang 🐙,0,2025-07-02T23:59:42Z
@abdul-zy3dw,Kalau gw sih Kya 😋,0,2025-07-02T23:52:36Z
@abdul-zy3dw,Ente nafsu sama sama kotak kotak 😡,0,2025-07-02T23:52:19Z
@NoLake4465,I'm bricked,0,2025-07-02T23:50:48Z
@adekurniawan187,"Sumpah kangen Roblox dulu jadinya soalnya gaada yang toxic,sexy dan🤨 oke Taulah ya,kalo kalian lihat karakter kek apa yang kalian lakukan?
Kalo gw..... AK-47 sudah ditangan",0,2025-07-02T23:49:50Z
@akudimana1847,Gws,0,2025-07-02T23:49:01Z
@chikomaifa,Ah roblox bukanya buat nyantai kok kadi kek gini bjir,0,2025-07-02T23:45:39Z
@AFIX-NT089,Bro... Gw lebih milih nonton skibidi toilet daripada liat kek ginian,1,2025-07-02T23:40:57Z
@Baimal17,Itu mah masih manding coba versi r63 ya itu udah kaya toprut bahkan udah berisi☠️,0,2025-07-02T23:27:26Z
@Tama-os3nh,Oji wahyudi 💀,0,2025-07-02T23:22:09Z
@firmansyagamers,Game Fomo,0,2025-07-02T23:11:33Z
@LORDZYS2012,Stress,0,2025-07-02T22:55:36Z
@Dimasmaulana23,Bukti bahwa Indonesia penderita skizofrenia no 1 di dunia,0,2025-07-02T22:52:47Z
@ghinanurfaizah05,"Jujur emang karakternya cantik, tapi kok bisa ada yang seperti itu ya",0,2025-07-02T22:47:17Z
@Dezueditz,"antum birahi ama avatar roblox?💀☠️,bro sudah kehilangan akal nya💀☠️",0,2025-07-02T22:36:33Z
@GameKeiko.ID1,Pantes muncul di beranda IG mulu😦,0,2025-07-02T22:32:19Z
@YUZEY_ROBLOXGG,wajar aja sih bg.udh ada banyak gak cuman itu.ama Paling cuman candaan udh biasa,0,2025-07-02T22:31:32Z
@YISLUFEINCH,anda sange sama char kotak?,0,2025-07-02T22:27:30Z
@diffyizqi2547,yaelah,0,2025-07-02T21:54:25Z
@R_FOKTRA_X,Gw yang main Roblox buat nyari game buatan indonesia ngelihat konten dance:daf*q men,0,2025-07-02T21:08:49Z
@Fatpuddinggt,aduh ke kamar mandi lagi dawg,0,2025-07-02T20:21:03Z
@tempest529,Orang gilak 💀,0,2025-07-02T19:00:28Z
@ryuhikari4571,Birahi sama roblox cik wkkw,1,2025-07-02T18:56:28Z
@sityqwer1249,"Dari pada joget"" gajelas mending kita main age of Titans",0,2025-07-02T18:28:15Z
@sidqimaulana7804,Gooners,0,2025-07-02T18:05:10Z
@Darkfriday534,Bang infoin Fan artnya,0,2025-07-02T17:50:34Z
@albrtsimamora47,kangen roblox tahun 2014,0,2025-07-02T17:49:25Z
@Ridho114-,"Karakter roblox itu 11 12 dengan anime menurut ku, cuman agak beda di beberapa hal. 

Jadi sebagai orang yang lumayan sering liat orang gila, entah sama Anime, Kartun, Furry, Roblox, Minecraft, Genshin, Dongua, Manhua, DLL menurut ku gaada bedanya Cuman sama sama Agak kena LCD nya aja.",6,2025-07-02T17:23:04Z
@kayy2548,"""sakit jiwa njr""",0,2025-07-02T17:03:13Z
@FadhilAbyanT,Oji Wahyudi😂,0,2025-07-02T16:49:03Z
@RaihanEV,BIRAHI Ama karakter anj,0,2025-07-02T16:43:11Z
@MNH1099,"Di jadikan AI juga menarik penampilannya 😂.. meanwhile meme yg bertebaran di internet so many people searching "" *Roblox **-porn-* """,1,2025-07-02T16:19:13Z
@pengemisakunmla4904,Kenapa game Roblox banyak penghehe Avatar njier kan jadi gk mau main lagi kalo gitu,0,2025-07-02T16:03:07Z
@YamadaRiki,"GWS
Gak wafat sekalian",0,2025-07-02T15:50:46Z
@FirlyAgustian-k2c,"""Roblox bikin gobloxx""",1,2025-07-02T15:46:09Z
@pocongngetehtehpoci,Gitu doang sange bocil puber,0,2025-07-02T15:28:38Z
@dancefloor9,Tapi emng cantik sih avatarnya anying,0,2025-07-02T15:25:19Z
@RinRoya,Nama avatarnya apa kalau di search di marketplace🫣,2,2025-07-02T15:11:51Z
@indo_1125,"S*nge sama Fanart nya masih mending, nah ini sama char nya langsung 🥀🥀 brick by brick head ahh",0,2025-07-02T14:58:18Z
@alifxd5833,🗣️GET OUT!!!!!!,0,2025-07-02T14:58:01Z
@JazliJamaloding,Santai  😮,0,2025-07-02T14:47:56Z
@kengaming-ip9gb,Fertis baru di dunia,0,2025-07-02T14:46:58Z
@dappXinzz,oji wahyudi sudah rusak bung😂,0,2025-07-02T14:46:26Z
@Fathan_mc1,Oji Wahyudi itu jir😂,0,2025-07-02T14:41:03Z
@kyrosses_0,"Gw malah main gara""monyet mini joget""😂",0,2025-07-02T14:36:25Z
@ajih-s5c,Duh panas panas sange euy 😹,0,2025-07-02T14:20:36Z
@VhiJupitarenida,"Kok roblox bisa lepasin aksesoris yang kaya gitu ya?
Ngomong ""hi"" aja bisa di ban ini aksesoris kaya gini masih lepas 

Like how??!",0,2025-07-02T14:10:23Z
@dreamgabut9511,"di pikiran gw : ""masih kawaian M4-chan gw""

edit: M4 adalah senjata",0,2025-07-02T14:01:21Z
@rifaldiprapigi,birahi sama kotak,0,2025-07-02T13:55:20Z
@Pvz_Gaming9,wahyu oji:mana tahan,0,2025-07-02T13:39:39Z
@Hollycow_33I,Birahi sama char roblox? Selamat anda telah menjadi FETISH🎉,0,2025-07-02T13:38:51Z
@alvinoilham.alqudus,Gooners woila😹,0,2025-07-02T13:26:05Z
@ROBOT_V1.1,Mendingan liat bacon dari pada liat Avatar begitu,0,2025-07-02T13:07:11Z
@Mc_Craft11,Di FB FL gua pada sange njir,0,2025-07-02T12:51:09Z
@exGor123,oji oji😂,0,2025-07-02T12:48:41Z
@ipangRobloxindonesia,Avatar sekarang aneh-aneh,0,2025-07-02T12:45:20Z
@ipangRobloxindonesia,Kenapa pada suka ginian dah,0,2025-07-02T12:44:47Z
@ipangRobloxindonesia,Bro💀,0,2025-07-02T12:44:26Z
@baguswijayanto6494,Si bro birahi dengan kotak ?,0,2025-07-02T12:41:19Z
@sinonon2,orang gila🗿,0,2025-07-02T12:36:30Z
@batubetraABC,Nooo adik kita dalam bahaya,0,2025-07-02T12:27:46Z
@nefalz,Kacau,0,2025-07-02T12:15:53Z
@Fahri081,Gak jelas jir 😐,0,2025-07-02T12:15:47Z
@ketan_gg,Freaky jir yg mau birahi Ama karakter Roblox💀,0,2025-07-02T12:13:45Z
@Senomaa,Astaghfirullah gambarnya,0,2025-07-02T12:10:28Z
@Senomaa,Astaghfirullah gambarnya,0,2025-07-02T12:10:27Z
@Senomaa,Astaghfirullah gambarnya,0,2025-07-02T12:09:58Z
@Neroliquid,istri gw,0,2025-07-02T12:06:24Z
@BlackZorokururo,Gak,0,2025-07-02T12:05:03Z
@yanzz_9601,Birahi sama avatar Roblox sama aja kaya birahi sama anime,1,2025-07-02T11:26:56Z
@Ozaioooooooo,Kenapa nama gw cok oji wahyu noooo,0,2025-07-02T11:23:04Z
@IzudinAmzYT,gua tiap buka ig ketemu ini mulu anjir 😂🙏🏼,0,2025-07-02T11:18:21Z
@farelanggara211,Jir,0,2025-07-02T11:14:44Z
@ExcCh,"Ya gak lah gila kali lu suka sama karakter game, itu mah gilanya udah kelewat jir, jangan sampe gw habis ini denger kabar ada guling gambar karakter ini gw tonjok jir hp gw cog",0,2025-07-02T11:06:56Z
@wipzdee1,Aduhai ada  banyak cwek tapi milih character roblox,0,2025-07-02T10:49:47Z
@swagduck5473,Bikin game roblox nambah kaya,0,2025-07-02T10:42:21Z
@19Eren-YEAGER,Bahas AOT lagi,0,2025-07-02T10:32:19Z
@HerexFarel-p1k,Apalah ava seksi aja suka mending maen dead rails,0,2025-07-02T10:24:05Z
@KamuNanyea-s1s,"Biar saya jelaskan untuk yang muslim hukum nya apa😂🗿 
 
Hukumnya sih makruh aja kalo cuma suka kalo udah sampe c0l# itumah udah gila anjir bukan haram itumah gila cok🗿",0,2025-07-02T10:21:19Z
@rakaD.k,"ketika wanita main roblox char nya cantik, sedang kan gw malah jadi kapibara",0,2025-07-02T10:21:18Z
@hekal0743,stres,0,2025-07-02T10:20:35Z
@iwak-i1s,Bro it's just a pixel 💀,0,2025-07-02T10:14:39Z
@mikaelbocil848,BACON HAIR TETAP DI HATI,0,2025-07-02T10:14:05Z
@MaherAl-k7e,Biasanya etak on Titan sekarang Roblox,0,2025-07-02T10:12:35Z
@ImanSyahrizal-x9p,Sebenarnya sih di bawa santai aja tapi stress🤣🤣,0,2025-07-02T10:05:26Z
@KrisnaNathaAldiswara-nw6hr,Tidak normal soalnya namanya ada wahyu nya😂😂😂😂di chat langsung ngeh,0,2025-07-02T10:05:05Z
@humamsantuy,"di ig ada tuh memenya. isi kolom komentarnya penuh dengan 
""kapan dia sadar dok?""(stiker spongebob yang mukanya keheranan)
lagian aneh aneh ya, orang yang suka sama karakter anime aja kadang di bilang ""ga wajar, suka sama karakter kartun, 2d"" ini lebih parah pak😂😂",1,2025-07-02T09:51:10Z
@Nagi_969,B aja anime buat apa jir,0,2025-07-02T09:47:59Z
@OkkyJellydrinkk,Hell nawww sagne dengan kotak kotak dawg 💀💀💀💀,0,2025-07-02T09:39:48Z
@Bone621,WHAATT THEEE HELL,0,2025-07-02T09:39:37Z
@zhinzero-777,Bukan gara2 itu min tapi gara gra jandel,0,2025-07-02T09:38:33Z
@kukumacan2199,Oi 😂 mengapa demikian rek,0,2025-07-02T09:34:11Z
@Mine._Zyy,🥱😹😹,0,2025-07-02T09:29:27Z
@IRZEN,Kebanyakan sekarang player roblox terutama di Indonesia itu boti klo klian kgk percaya dan botinya itu fix para bocil yg caper,0,2025-07-02T09:20:07Z
@MuhRezky-c2w,susss   bang☠️☠️☠️☠️,0,2025-07-02T09:15:06Z
@radoaf5058,stress,0,2025-07-02T09:13:58Z
@ReyR22Red,"Gedein dikit bisa, dibicarakan!😁😹",1,2025-07-02T08:40:19Z
@ekaahmad5384,"Bawa santai aja sebenarnya gua juga sering main Roblox, sering juga ketemu character cewek cakep gitu tapi ya biasa aja soalnya fokus main, nah kenapa bisa viral character roblok cewek ini? Soalnya pusat perhatian ya ke dia doang kalo main mah boro2 ngelirik paling juga mantengin stok",5,2025-07-02T08:26:43Z
@SharpnessMC,Rusak rusak,0,2025-07-02T08:22:36Z
@Apidz-IX,"Oji Wahyudi 🤣🤣🤣🤣🤣,mana digrup fb timpa teks banyak versinya lagi 😭😭🤣🤣🤣🤣🤣",0,2025-07-02T07:50:58Z
@ZenvyCh,"sebagai streamer roblox senang bisa rame, dan aku cuma nganggap ini joke aja, yakali ada orang beneran sange an ama roblox bjir😭",0,2025-07-02T07:42:52Z
@Princeofsand-d4r,Kotak kotak Cok!!😅😅,1,2025-07-02T07:40:57Z
@RyuuzakiZanagi,Masih mending ngehayal nikah ama waifu dari pada sange ama karakter game yg bahkan hampir kotak kotak kek menkrep 😐,0,2025-07-02T07:38:00Z
@Martinoballs,Mmk lahh. Kebuka dikit di bilang porno😁,0,2025-07-02T07:30:52Z
@Dreamm551,Infokan foto foto nya dari mana bang?,0,2025-07-02T07:22:48Z
@Akbar-zp1jj,"Ada banyak chart dari Genshin,ZZZ,Honkai tapi kenapa harus Roblox cok😭",0,2025-07-02T07:20:36Z
@banxderslebew9124,"yg salah ni pemain nya, Jan bikin orang bernafsu pada fantasi kalian, fetis orng beda2 bukan suka furry, Minecraft😂,, pada inti nya klo ngk mau bikin orng birahi Jan mancing aj",0,2025-07-02T07:10:40Z
@gemini924,"aku yang main roblox karena ada clan roblox di Alternate Battleground Be like :
kukira ramai karena nostalgia, ternyata karena avatar cewek😮‍💨😮‍💨😮‍💨",3,2025-07-02T07:09:47Z
@kalakunmeme493,"""antum birahi sama kartun"" moment",0,2025-07-02T07:08:32Z
@RADENKECE,mending jadi petani grow a garden😂,0,2025-07-02T06:54:35Z
@FORGOTTEN_FIXED,"Aku main roblox, tapi aku gk liat itu, aku main roblox karna temen aku main juga, kan malas juga main ML kalah mulu🗿",0,2025-07-02T06:52:54Z
@KingWhite010,Yang gak main Roblox bilek:ho🗿,0,2025-07-02T06:51:10Z
@Stay_Halal1141,"Ayoalah bun itu ame tqrget ke ank anak
Orang indo udh ngerusak gme roblox am ava yg sus , gua maen roblox dlu tenaaaang aj sekarang org org udh pada aneh semua caboel , biruahi pulak , anak kls 3 sd aja udh bisa ngehina yttm ama miskin gila gk tuh . Masih mending maen ama orang luar dri pada orang indo sendiri , buat bljr b inggris juga",1,2025-07-02T06:49:30Z
@Aal-l2g,Dan temannya oji wahyudi pun sampai bikin status sambil vn kalo dia heran kok ada aja yang ange sama ava game😂,0,2025-07-02T06:45:35Z
@Galaksinya_,Bro adalah Pasian RSJ,0,2025-07-02T06:45:10Z
@MichaelTCFREEPALESTINE,Biasa aja itu sama aja kek samge ama kartun dan game,0,2025-07-02T06:33:20Z
@serigala-tersakiti,Penyakit gila tak tertolong kan,0,2025-07-02T06:26:33Z
@CHIKIFORTUNE,Game yg dlu dibuat untuk edukasi dan sekarang sudah tidak lagi😢,0,2025-07-02T06:19:09Z
@Zenji-sama,Bro sungguh crazy 💀,0,2025-07-02T06:17:38Z
@Brackanimators,Itu org ny birahi berat SDM rendah😂😂😂,0,2025-07-02T06:12:55Z
@fathiribrahim-h2z,"Kuntum
farm nya udh di",1,2025-07-02T05:59:55Z
@FarizYeager1,Mending Gua Main Free Fire Dari Pada Ternodai🗿,0,2025-07-02T05:58:06Z
@yusufhanifah4550,Ts Js pmo fr I miss 2018 era fr,0,2025-07-02T05:55:58Z
@Skyvye1,Antum birahi dengan kubus😡,0,2025-07-02T05:55:08Z
@Ganis_kingg,:D,0,2025-07-02T05:53:33Z
@raynarfarzan653,Wah tadi yang foto chat itu udah gak waras kok bisa gitu sama karakter roblox kalo ngajak main gara gara banyak yang sseru sama nemu game yang bagus normal lah tapi kalau gitu udah gak bener,0,2025-07-02T05:52:37Z
@kiyoshioga,Oji wahyudi 😂,0,2025-07-02T05:51:38Z
@Infero_Cool,Padahal tuhan gak kurang kurang/banyak ciptain perempuan buat jadi pasangan lu.Lah lu malah birahi sama karakter game🗿,1,2025-07-02T05:48:10Z
@YuraNoirID,Gooning 🤣🤣,0,2025-07-02T05:47:40Z
@org_gabut73648,"Yg buat lah, yg suka lah, sama sama gila ...
 mungkin mereka sudah tidak waras lagi 🗿",0,2025-07-02T05:45:18Z
@BAXIBOX,Yhaha😂,0,2025-07-02T05:39:46Z
@callmefajril,kalo di bilang suka ya normal normal aja selagi jangan di jadiin bacol,0,2025-07-02T05:37:57Z
@the_vanxtroit,"Wah,make tu orang",1,2025-07-02T05:30:22Z
@NatanPrambon,Hell nah birahi sama avatar rolnuk,0,2025-07-02T05:21:25Z
@MR.Riverz,B aja gw mah  orang nya aja kali yang stress,1,2025-07-02T05:14:50Z
@Ilham_Bay,"""Kenapa harus roblox COKKK""       -Pria misterius",0,2025-07-02T05:14:09Z
@infinixroblox,finally roblox cuy,0,2025-07-02T05:14:04Z
@Ridwan-u3o,Fetish baru,0,2025-07-02T05:11:19Z
@Nolan-xryy01,"Liat avatar doang bisa sange, udh gila tu orang😂",0,2025-07-02T05:08:18Z
@YuliAna-x4b3f,Gua mending gua nonton guest saja dari pada vidio itu,0,2025-07-02T05:07:26Z
@ABHISTASPEED,"Ini bukan kasus terparah, kasus terparah ada di game minecraft🗿",0,2025-07-02T05:04:59Z
@BimaNyu-hp,Wa aku sampai giler omggggggg yiahh yametehh😊,0,2025-07-02T05:04:54Z
@beginner-CUX01,Lebih baik tidak tahu,0,2025-07-02T05:03:33Z
@ReyAlphaexe,Gua main roblox sih gara gara seru ada banyak game di roblox gua heran dengan anak roblox zama sekarang 🗿🗿🗿🗿🗿🗿🗿🗿🗿🗿🗿🗿🗿,0,2025-07-02T04:59:48Z
@Werli.n,Mending gw jadi garou,0,2025-07-02T04:56:44Z
@PangfungAnthemrar,Nah ente mau birahi ama karakter Roblox ☠️,0,2025-07-02T04:56:32Z
@arqaalwin,Benjir di buwat riviu nya juga jir ❤ ori wahyudi,0,2025-07-02T04:55:54Z
@Keii_pretty,Mending nntn aot🗿,0,2025-07-02T04:53:47Z
@Wthel_3,Gua main roblox cuma mau seru-seruan aja bang😊,0,2025-07-02T04:52:48Z
@Benhurgaming,Alamak najisnya,0,2025-07-02T04:51:45Z
@665gnal,"Lu liat bikin nganceng kan😂
""Kata bocil di wa""",0,2025-07-02T04:51:04Z
@jjpkxd,Bang gw aslinya GK suka sih main sama cewek apalagi di game gw aja GK sopan sama  ortu apalagi cewek  gw main di PS aja,0,2025-07-02T04:50:45Z
@KevLar-i9v,Gua nggak terta Rik😊,0,2025-07-02T04:49:24Z
@Eireng,Ah normal ini mah😂😂,0,2025-07-02T04:48:14Z
@dabedo27,"sementara gw

-main jadi bajak laut  (blox fruit)
-jadi petani  (grow a garden)
-naik kereta sambil bunuh zombie (dead rails)
-main fps 2 vs 2 (rivals)
-tarung pakek kekuatan anime (the strongest battle ground)


lo pikir gw peduli sama avatar!!!!!!!!!!!!!!!",0,2025-07-02T04:47:15Z
@dandi6779,Ahh normal inimah,0,2025-07-02T04:45:09Z
@muchamadteguh4177,"Dibawa santai, palingan itu avatar di buru buat hode2 😂",1,2025-07-02T04:44:52Z
@FuckOff23-w4d,Masih mending stellar blade gw sange jir bentuk 3d dengan postur badan yg realistis dripada roblok mah jir,0,2025-07-02T04:31:55Z
@TutorialAndGame4,Aku ada versi ai nya 😜,0,2025-07-02T04:31:00Z
@Noob27-r2o,Aku ya ga tahu kalo ada char kaya gini di roblox (aku ga main)🗿,2,2025-07-02T04:27:26Z
@ZFV-q1r,mendingan gw pake ava gw sendiri,0,2025-07-02T04:21:28Z
@suskiryu,Hell nawh jadi banyak Gooner gini di road block💀,7,2025-07-02T04:21:03Z
@BerthlyNgilamele,"Gw aja maen roblox, karna ngecheat, awok awok awok, pengguna delta=exploiter 🤫🧏",1,2025-07-02T04:20:16Z
@MuhammadMisbahulmunir-u4h,Bang bahas anime jojo Blizzard adventure,0,2025-07-02T04:16:35Z
@sngd_begitulah,Makin ngawur nih org org 😂,2,2025-07-02T04:14:55Z
@yasaja-x2d,Oji wahyudi kebelet ama Avatar Roblox wkwkkwk,8,2025-07-02T04:13:08Z
@muhammadridwan2241,Bocah itu sepertinya belum pernah bertemu dengan kucing peduli dan ipo chan🗿,50,2025-07-02T04:12:21Z
@FatahAlfatah-r9r,Gw main roblox karena ada grow a garden,0,2025-07-02T04:09:44Z
@ZaldiKurniawan,Mending main map battlegrounds dan jadi petani,0,2025-07-02T04:06:45Z
@SelviAna-v7k,😂😂😂😂😂Hhhhh  apan  tuajir  bisaaja,0,2025-07-02T04:05:59Z
@ZakiakiAKI,Apakah anda birahi sama avatar roblox?,0,2025-07-02T04:05:16Z
@Ruri_Biawak,"Makin Ngawur dah nafsu Manusia Zaman sekarang 

Kagak Heran Dah kalau Di Masa depan Ada yg Nafsu ama Eee apa ya? pou kali",0,2025-07-02T04:04:43Z
@kovlaaismine,intinya hampir semua player roblok setengah caboel😂,1,2025-07-02T04:02:14Z
@NuggUhuyyy,Anda birahi dengan char roblox?? Anda sudah gila 😂,455,2025-07-02T04:01:05Z
@ayano3225,memeng main Roblox bikin gablok😂,1,2025-07-02T03:52:49Z
@Alwiverse,Bukan bang karena Roblox ada 40Miliar lebih game atau game grow a garden,0,2025-07-02T03:50:44Z
@AryaSatya-f3g,Aku juga mw😋,0,2025-07-02T03:47:40Z
@Bimzznoelite205,Udah nggak ketolong si 🗿,0,2025-07-02T03:46:25Z
@cuma_malezzxt,Anda birahi sama avatar roblox😂,2,2025-07-02T03:43:55Z
@FATIH2016-s5f,Gw GK main Roblox game haram,1,2025-07-02T03:42:36Z
@FATIH2016-s5f,Roblox game haram bjir,1,2025-07-02T03:42:14Z
@NG-Z18,"Ah, itumah orang gila yang salah tubuh🗿",1,2025-07-02T03:40:29Z
@NPC178-f4b,Menurut aku gak normal bg,1,2025-07-02T03:40:16Z
@irfan12_ZL,Memang Roblox game penuh viralnya,1,2025-07-02T03:39:00Z
@tedjoas,Gua lebih setuju orang nikah sama anime,0,2025-07-02T03:38:45Z
@YTBORTOD_KW,gw main Roblox tapi main blox fruit,0,2025-07-02T03:38:10Z
@Jesen135,Lah kukira karena game grow a garden,0,2025-07-02T03:37:35Z
@Kenneth-k9r,Dibawa santai aja b aja gua mah main Roblox cuma main kaya gitu doang,0,2025-07-02T03:35:53Z
@ismalajha1605,"BERARTI TUH BOCIL MASIH BELUM TERJERUMUS VIDEO FOURNO ANDAI DIA TAU VIDEO FOURNO MUNGKIN PAS DIA LIHAT KARAKTER² KAYAK GINI ""AHH MEMBOSANKAN""",32,2025-07-02T03:35:45Z
@qothrus,"Nggak bisa nyalahin, toh gua juga berkhayal nikahin waifu gua",0,2025-07-02T03:34:58Z
@hayaky73,Di game cantik di real life......,156,2025-07-02T03:34:23Z
@Siwibugaboed,GK normal jir💀,0,2025-07-02T03:30:33Z
@MichaelRooroh-c7q,gw aja main Roblox Cuman Gara-gara Parkour buat Fast hand🗿,4,2025-07-02T03:30:15Z
@foren212,Daripada nonton yg gituan mendingan jadi petani aja😂😂😂,238,2025-07-02T03:26:06Z
@RAGNAROKFW,Kalo aku sih karena game peta peta🗿,0,2025-07-02T03:25:49Z
@kusurscientist56,Bro gooning sama avatar roblox💀☠️,22,2025-07-02T03:25:27Z
@KRATOS_...,"Diajak becanda aja tu, masa iya sanguk sama karakter begituan orang indo?",0,2025-07-02T03:24:32Z
@kazumaxd8649,udh ku blng game ini gila,0,2025-07-02T03:21:17Z
@Rexxzzr,damn🥀💔,0,2025-07-02T03:18:12Z
@Aldous-e3k,hell nah 💀💀,0,2025-07-02T03:16:40Z
@Abdan_ElFatih,Kok bahas game bang apa ga bahas anime atack on titan,0,2025-07-02T03:14:21Z
@junsin4348,Aku yakin mereka suka Avatar ini orang stress,0,2025-07-02T03:14:15Z
@badang-w3e,Astagfirullah itu cuma geme loh sumpah 😅😅😅,0,2025-07-02T03:13:37Z
@BagasBahtiar-di5xg,"Kata gue, cuman orang setres yg fetish ama karakter roblox",0,2025-07-02T03:12:05Z
@keanuragil6652,Ganormal💀,1,2025-07-02T03:11:57Z
@indradra1918,bang kok tumben bahas roblox bukan anime,0,2025-07-02T03:11:10Z
@DrawAeroAviationID,Bahkan karakter game anak anak malah dijadiin seksi ✋💀🤚,0,2025-07-02T03:10:37Z
@EndanGaming,hell nah broo 🥀💔,0,2025-07-02T03:10:32Z
@Firdaus21-02,What antum birahi sama Avatar Roblox 💀,80,2025-07-02T03:09:38Z
@NicoDJoyboy,uda ganti server ke game roblox kah min anime?,0,2025-07-02T03:09:18Z
@rifqysanjaya6196,Kenapa art style yang diawal....ah sudahlah,0,2025-07-02T03:05:31Z
@YulianWang77,💔💔🥀🥀,0,2025-07-02T03:05:16Z
@renzz5487,Banyak yg Sussy baka bruhh,0,2025-07-02T03:05:09Z
@nfy_xz,TIIIKKKK TOOKKKK,0,2025-07-02T03:04:15Z
@Salindo_2023,🗿,0,2025-07-02T03:03:59Z
@RIZZCHANNEL-g8f,Bang kalau Sasha masih hidup sampai rumbling apa yang dia lakukan,0,2025-07-02T03:03:45Z
@NavzyterXD,💔🥀,0,2025-07-02T03:02:15Z
@UchihaItachi-x6m,Halo bang 🎉😊,0,2025-07-02T03:01:38Z
