author,text,likes,published_at,clean_comment
@Mesra-ex2dz,Cuman gmn aja bikin birahi aneh njirrğŸ˜¹,0,2025-07-15T00:07:41Z,cuman gmn aja bikin birahi aneh njirr
@anomali_hytam-q2q,Mending versi fanart apa cosplay ny  dari pada versi balok anjğŸ˜‚,0,2025-07-14T12:39:18Z,mending versi fanart apa cosplay ny dari pada versi balok anj
@LiusLius-c6p,Kotak kotak anjirr,0,2025-07-14T11:40:57Z,kotak kotak anjirr
@Aushrtz,Bawa Santai Aja Lah Suka Gpp Yakan Kita Gbisa Apa Apa Cuma Cantik Doang Mending Nonton Skibidi BRR ğŸš½ğŸš½ğŸš½,0,2025-07-14T10:18:36Z,bawa santai aja lah suka gpp yakan kita gbisa apa apa cuma cantik doang mending nonton skibidi brr
@cisco_Static777,Terakhirnya cokkkâ˜ ï¸ğŸ’€,0,2025-07-14T07:27:37Z,terakhirnya cokkk
@nihayah212,Mending berhenti buka buka aurat Allah tidak akan memberikan siapapun membuka auratnya,0,2025-07-14T03:23:27Z,mending berhenti buka buka aurat allah tidak akan memberikan siapapun membuka auratnya
@DhavinApin,Em masalah nya gw cowok cok najis jadi cewek,0,2025-07-13T20:34:40Z,em masalah nya gw cowok cok najis jadi cewek
@Eugenz-Satria,"Anomaly:oi ayo main Roblox banyak karakter yang bla bla bla bla bla

Gw:bre ayo main Roblox gojira suitborn udah update",0,2025-07-13T16:08:57Z,anomaly oi ayo main roblox banyak karakter yang bla bla bla bla bla gw bre ayo main roblox gojira suitborn udah update
@aryanesa-jy6go,Bukti pria punya selera ğŸ˜‚,0,2025-07-13T14:57:19Z,bukti pria punya selera
@Looked209,Jawaban nya ga normal kalo cuma suka ama characternya aja :/,0,2025-07-13T11:01:34Z,jawaban nya ga normal kalo cuma suka ama characternya aja
@Mochi_A291,"Gambar nya sangat ""astagfirullah"" ğŸ˜¤",0,2025-07-13T08:29:46Z,gambar nya sangat astagfirullah
@Aku_Gabut112,si oji birahi ama gerakannya dari yang kulihat,0,2025-07-13T03:25:45Z,si oji birahi ama gerakannya dari yang kulihat
@ParwoBloxx,"@ğ“œğ“ªğ“»ğ“¼ğ“®ğ“µğ“¥ğ“¸ğ“·ğ“ğ“¼ğ“½ğ“»ğ“®ğ“ª:kalo cara berpakaian ya karena setiap orang punya hak atas kebebasan berekspresi, termasuk dalam cara berpakaian (Pasal 19 DUHAM â€“ Deklarasi Universal HAM). Emang bisa dilarang di beberapa negara dgn hukum syariah/konservatif. Masalahnya ini tuh game, dia juga ga ada niatan buat mancing para gooners. murni cuman buat lucu2an",0,2025-07-13T01:08:15Z,kalo cara berpakaian ya karena setiap orang punya hak atas kebebasan berekspresi termasuk dalam cara berpakaian pasal 19 duham deklarasi universal ham emang bisa dilarang di beberapa negara dgn hukum syariah konservatif masalahnya ini tuh game dia juga ga ada niatan buat mancing para gooners murni cuman buat lucu2an
@MucDuongTran,ğŸ˜¡ğŸ˜¡ğŸ˜¡,0,2025-07-13T00:35:35Z,
@Gevio-t9d,HIDUP CANGCUTğŸ¤ªğŸ¤ªğŸ¤ªğŸ¤ªğŸ¤ª,0,2025-07-12T16:30:59Z,hidup cangcut
@Scndyn,Kakinya ada sudutnya gitu,0,2025-07-12T15:46:06Z,kakinya ada sudutnya gitu
@joshuasibuea2574,Dari pada lihat keginian mending jadi bajak laut aje,0,2025-07-12T15:44:02Z,dari pada lihat keginian mending jadi bajak laut aje
@EXAl-4,Yang banyak itu grow a garden ğŸ˜ğŸ‘Š,0,2025-07-12T14:53:10Z,yang banyak itu grow a garden
@KryptoniteCH,Original song?,0,2025-07-12T08:59:01Z,original song
@MuhammadAbiga,"Gw main roblox karena:seru.ngakak
Oji wahyudi main roblox karena:birahi sama kaki gajahğŸ¤“",0,2025-07-12T06:50:09Z,gw main roblox karena seru ngakak oji wahyudi main roblox karena birahi sama kaki gajah
@ZaernurMoilo,ğŸ˜˜ğŸ˜˜ğŸ˜˜ğŸ˜˜ğŸ˜˜ğŸ˜˜ğŸ˜˜ğŸ˜˜ğŸ˜˜ğŸ˜ğŸ˜ğŸ˜ğŸ˜ğŸ˜,0,2025-07-12T05:34:10Z,
@RusDiana-f6e,Antum birahi ama balok ğŸ˜‚ğŸ˜‚ğŸ˜‚,0,2025-07-12T04:40:41Z,antum birahi ama balok
@VeemoonXA,Stress ğŸ—¿,0,2025-07-12T04:03:33Z,stress
@awfi267,santai aja masse,0,2025-07-11T21:20:35Z,santai aja masse
@Alkia12,antum birahi sama kaki gajahğŸ˜‚ğŸ˜‚,1,2025-07-11T17:46:24Z,antum birahi sama kaki gajah
@faishalalfarisi1423,"mana ada
roblox udh rame dari dulu
bahkan akunnya melewati batas populasi manusia saat itu",0,2025-07-11T16:35:27Z,mana ada roblox udh rame dari dulu bahkan akunnya melewati batas populasi manusia saat itu
@iis_-07,Tapi saya saya main roblox bukan karena avatar ini tapi karena seorang lanang yang ngedrift di Brookhaven,0,2025-07-11T15:37:41Z,tapi saya saya main roblox bukan karena avatar ini tapi karena seorang lanang yang ngedrift di brookhaven
@DiegoAlexander-w1h,Ternyata lebih baik ngewaifuin hoshino,0,2025-07-11T15:35:22Z,ternyata lebih baik ngewaifuin hoshino
@NXXA80,Tidak normal,0,2025-07-11T14:59:48Z,tidak normal
@revengeformyfamily,Avatar anomali,0,2025-07-11T14:44:36Z,avatar anomali
@Arkanamaliq-r8q3t,tolong aku sesat gamau lagiğŸ˜­,0,2025-07-11T14:31:14Z,tolong aku sesat gamau lagi
@Arkanamaliq-r8q3t,sesat,0,2025-07-11T14:30:51Z,sesat
@ratnaningtyas7141,roblox itu viral karens grow a garden muncul dotv indo,0,2025-07-11T12:46:35Z,roblox itu viral karens grow a garden muncul dotv indo
@Nofal_cihuyy,Wahyu di Wahyu di ğŸ—¿,0,2025-07-11T12:45:45Z,wahyu di wahyu di
@yanyanto_yatim,Mendin jadi petani ganj#,0,2025-07-11T10:10:13Z,mendin jadi petani ganj
@givehappyboxer,Birahi sama dua batang persegi,0,2025-07-11T09:52:53Z,birahi sama dua batang persegi
@GemWNeverDie,menyukai mah normal tapi kalo sange mah beda,0,2025-07-11T09:08:08Z,menyukai mah normal tapi kalo sange mah beda
@nuralammawardah5046,Mending gua main Roblox karena Forsaken,0,2025-07-11T08:33:57Z,mending gua main roblox karena forsaken
@daniumasugi5242,Amerika sekarang bisa menunjukan sisi gelap mereka,0,2025-07-11T08:25:46Z,amerika sekarang bisa menunjukan sisi gelap mereka
@jeremiahethaniel4068,AYO WHAT THE,0,2025-07-11T07:47:23Z,ayo what the
@NurelahBela,Antum birahi sama balokğŸ’€,0,2025-07-11T03:50:00Z,antum birahi sama balok
@Pamungkas_02,Birahi Ama kotakğŸ—¿,0,2025-07-11T02:54:19Z,birahi ama kotak
@itachi-r4y,Dicari Oji wahyudi  jika anda menemukan orang ini langsung telpon ke saya,0,2025-07-11T02:52:45Z,dicari oji wahyudi jika anda menemukan orang ini langsung telpon ke saya
@Nuriel_a10,Anda birahi dengan lego? Sudah tidak tertolongkan ğŸ˜­,0,2025-07-10T15:30:10Z,anda birahi dengan lego sudah tidak tertolongkan
@SuarTawan-no7im,Aote lah bg roblok  mah biarin aja bahas aote  aja bg lebih seruuu,0,2025-07-10T14:40:37Z,aote lah bg roblok mah biarin aja bahas aote aja bg lebih seruuu
@nununsumiarsa2295,"bro, membanggakan style nya sendiri, padahal terlihat menjijikan + buat apaan kek gitu emang, gara gara ulah manusia yang terobsesi dengan Gooner style, style gituan gak ada gunanya",1,2025-07-10T13:26:25Z,bro membanggakan style nya sendiri padahal terlihat menjijikan buat apaan kek gitu emang gara gara ulah manusia yang terobsesi dengan gooner style style gituan gak ada gunanya
@Jack_473,Cmn orang gila yang sang3 sama karakter roblox ğŸ˜¹,0,2025-07-10T13:13:47Z,cmn orang gila yang sang3 sama karakter roblox
@AdiyatAZAhmadi,Sesat,0,2025-07-10T11:57:41Z,sesat
@RanzGege,"Kalo suka ama pp yg di pake alin sih normal aja, tapi kalo versi roblox dan paha kotak sih...",0,2025-07-10T08:43:16Z,kalo suka ama pp yg di pake alin sih normal aja tapi kalo versi roblox dan paha kotak sih
@rupatin5006,Oji Wahyudi ingin nikah Ama Avatar Roblox ğŸ—¿,0,2025-07-10T06:14:39Z,oji wahyudi ingin nikah ama avatar roblox
@biyudoang,Hell nah birahi sama kardusğŸ˜‚,0,2025-07-10T05:07:19Z,hell nah birahi sama kardus
@BambangIrawan-sg1kh,hadeh GOBLOX!!!!!!!!!!!,0,2025-07-10T03:59:07Z,hadeh goblox
@KhairuddinMahendra-dk3ed,Bro belum tau R63ğŸ˜‹ğŸ˜‹ğŸ˜‹,0,2025-07-10T02:46:29Z,bro belum tau r63
@FatihGeming-b2x,"Ko jadi bahas roblox minğŸ—¿, harus nya bahas animeğŸ—¿ğŸ—¿ğŸ—¿ğŸ—¿ğŸ—¿ğŸ—¿ğŸ—¿ğŸ—¿ğŸ—¿ğŸ—¿ğŸ—¿ğŸ—¿ğŸ—¿ğŸ—¿ğŸ—¿ğŸ—¿ğŸ—¿ğŸ—¿ğŸ—¿ğŸ—¿ğŸ—¿ğŸ—¿ğŸ—¿ğŸ—¿ğŸ—¿ğŸ—¿ğŸ—¿ğŸ—¿ğŸ—¿ğŸ—¿ğŸ—¿ğŸ—¿ğŸ—¿ğŸ—¿ğŸ—¿ğŸ—¿ğŸ—¿ğŸ—¿ğŸ—¿ğŸ—¿ğŸ—¿ğŸ—¿ğŸ—¿ğŸ—¿ğŸ—¿ğŸ—¿ğŸ—¿ğŸ—¿ğŸ—¿ğŸ—¿ğŸ—¿ğŸ—¿ğŸ—¿ğŸ—¿ğŸ—¿ğŸ—¿ğŸ—¿ğŸ—¿ğŸ—¿ğŸ—¿ğŸ—¿ğŸ—¿ğŸ—¿ğŸ—¿ğŸ—¿ğŸ—¿ğŸ—¿ğŸ—¿ğŸ—¿ğŸ—¿ğŸ—¿ğŸ—¿ğŸ—¿ğŸ—¿ğŸ—¿ğŸ—¿ğŸ—¿ğŸ—¿ğŸ—¿ğŸ—¿ğŸ—¿ğŸ—¿ğŸ—¿ğŸ—¿ğŸ—¿ğŸ—¿ğŸ—¿ğŸ—¿ğŸ—¿ğŸ—¿ğŸ—¿ğŸ—¿ğŸ—¿ğŸ—¿ğŸ—¿ğŸ—¿ğŸ—¿ğŸ—¿ğŸ—¿ğŸ—¿",0,2025-07-10T02:41:03Z,ko jadi bahas roblox min harus nya bahas anime
@Xabre_MC,Antum birahi sama balok,0,2025-07-09T23:08:26Z,antum birahi sama balok
@Fanzz_gaming17,"""antum birahi sama avatar roblox?"" ğŸ˜‚",0,2025-07-09T22:24:47Z,antum birahi sama avatar roblox
@Rexxy-M1,Cantik banget gilakğŸ¥µ,0,2025-07-09T22:17:09Z,cantik banget gilak
@HABIBI_Robloxanimation,"Bang
 Gua sampe minta edit sama Cici dan aku suru BHnya hilang kan dan malah baju sama BHnya ilang sama di kasih yang pakai celana dalam",0,2025-07-09T17:08:37Z,bang gua sampe minta edit sama cici dan aku suru bhnya hilang kan dan malah baju sama bhnya ilang sama di kasih yang pakai celana dalam
@rimbosementara1,"KLO ak ga birahi anjr malah dalam hati gwe bilang 
(Buset cntik bet , andai ada yang kek gini di dunia nyata, lgsung gwe temba)",0,2025-07-09T16:06:03Z,klo ak ga birahi anjr malah dalam hati gwe bilang buset cntik bet andai ada yang kek gini di dunia nyata lgsung gwe temba
@dilongginanda,stres jir,0,2025-07-09T15:31:29Z,stres jir
@Kingoffical-srm,Untung gue main ML hehehe,1,2025-07-09T12:58:52Z,untung gue main ml hehehe
@ErvandyPermana,Kan Wahyudi,0,2025-07-09T12:04:39Z,kan wahyudi
@leo6910-v6p,ğŸ’€ğŸ’€bro sudah terangsang,0,2025-07-09T11:37:10Z,bro sudah terangsang
@Aiartistzz,oji wahyudii,0,2025-07-09T11:19:50Z,oji wahyudii
@Zavier-i8u,Nanjis gw bang2x,1,2025-07-09T11:05:57Z,nanjis gw bang2x
@L1feMac,suka sama anime si lumayan normal tapi iniğŸ—¿,0,2025-07-09T10:52:48Z,suka sama anime si lumayan normal tapi ini
@netzxi,GAK JIR GW AJ GK SUKA AMA KARAKTER KOTAKÂ²ğŸ—¿ğŸ™,0,2025-07-09T10:25:57Z,gak jir gw aj gk suka ama karakter kotak
@ragilsaputrosutaryono5463,Mending ava bacon aying ğŸ—¿ğŸ‘ğŸ» gratis,0,2025-07-09T09:49:08Z,mending ava bacon aying gratis
@sida-vega,"MENURUT KU NORMAL SIH, MASA CUMA KARNA AVATAR JADI GAK BOLEH MAIN ROBLOX GITUH",1,2025-07-09T07:44:20Z,menurut ku normal sih masa cuma karna avatar jadi gak boleh main roblox gituh
@UklikElek,ğŸ˜­ğŸ˜¹ juga dapat menyerap air mata,0,2025-07-09T07:37:01Z,juga dapat menyerap air mata
@JamalMansur-c1m,Dari pada pada gituan mendingan admin zioles yang irenggggggğŸ˜‚ğŸ˜‚ğŸ˜‚,1,2025-07-09T06:36:44Z,dari pada pada gituan mendingan admin zioles yang irengggggg
@dhirzz1,TibaÂ² klarifikasiğŸ˜¹,0,2025-07-09T06:26:56Z,tiba klarifikasi
@Nabilsyafiqafik,Festis mereka sneh bgt suka avatar roblox ğŸ—¿,0,2025-07-09T06:18:44Z,festis mereka sneh bgt suka avatar roblox
@GD_RIF_MEGALODON_FISH,Biase aj ğŸ—¿,0,2025-07-09T05:47:29Z,biase aj
@taufiqlegen88,Ah normal ini mah,0,2025-07-09T03:49:10Z,ah normal ini mah
@Broo-p5s,Ga wajar bang kalo suka sama balok,0,2025-07-09T03:18:05Z,ga wajar bang kalo suka sama balok
@Harris12390,Owalah kak alinğŸ—¿,0,2025-07-09T02:04:02Z,owalah kak alin
@bargojengkol1211,Seters,0,2025-07-09T01:33:50Z,seters
@TILBOWAW,Mending ama roblox bang dari pada real lifeğŸ˜‚,0,2025-07-09T01:02:28Z,mending ama roblox bang dari pada real life
@roblox70-h5e,Itu akun si cewek itu ada di YouTube atau di TikTok mau di laporin,0,2025-07-08T21:49:19Z,itu akun si cewek itu ada di youtube atau di tiktok mau di laporin
@williamrm5951,mending sange sama anime dri pada sange sama roblox kotak kotak yah mirip mirip mincraft kotak kotak,0,2025-07-08T19:07:43Z,mending sange sama anime dri pada sange sama roblox kotak kotak yah mirip mirip mincraft kotak kotak
@dirgantarazonano,akudah biasa sama ini,0,2025-07-08T18:20:47Z,akudah biasa sama ini
@al_ess,Sumpah gua capek lihat ginian pensiun gua Roblox nanti,0,2025-07-08T17:52:02Z,sumpah gua capek lihat ginian pensiun gua roblox nanti
@Sanrio921,gw yang main jailbreak doang belikeğŸ’€,0,2025-07-08T16:30:59Z,gw yang main jailbreak doang belike
@Warhawkk,"Heran gw ma orang yg ampe birahi.
Kalo gw liat emang lucu canti. Tapi gk ampe Birahi juga. Itu dah gk waras/kebanyakan nonton anime, wibu nolep",0,2025-07-08T15:49:45Z,heran gw ma orang yg ampe birahi kalo gw liat emang lucu canti tapi gk ampe birahi juga itu dah gk waras kebanyakan nonton anime wibu nolep
@Hatcher4,Oji Wahyudi Ingin Savage dengan block minecraft bruhğŸ˜‚ğŸ˜‚ğŸ˜‚,0,2025-07-08T15:11:43Z,oji wahyudi ingin savage dengan block minecraft bruh
@sah4t,"Lebih bahaya minecraft sih rasa ku ğŸ˜…
Ytta lah.",1,2025-07-08T14:54:35Z,lebih bahaya minecraft sih rasa ku ytta lah
@dark_hunter1118,Gw tertarik gara gara 1 game yaitu blox fruit dan itu yg membuat ku bermain roblox ğŸ—¿,0,2025-07-08T08:02:16Z,gw tertarik gara gara 1 game yaitu blox fruit dan itu yg membuat ku bermain roblox
@KAWAKUJO,Uzai,0,2025-07-08T05:16:32Z,uzai
@YanzreSCRN907,BROOO PLIS STOP LAH GW CMN MO MAEN HAVE FUN AJA KNP HRUS DI BAHAS YG GINI TRUSS JIR CREATOR NYA JG UDH KLARIFIKASI ğŸ˜­ğŸ˜­ğŸ˜­,2,2025-07-08T03:10:45Z,brooo plis stop lah gw cmn mo maen have fun aja knp hrus di bahas yg gini truss jir creator nya jg udh klarifikasi
@AFRIANZA_0,benda itu kotak ğŸ˜‚ğŸ˜‚ğŸ˜‚,0,2025-07-08T01:55:58Z,benda itu kotak
@GantaBogeng,Iya bg si alin otak nya udah kayak dontoll,1,2025-07-08T00:44:20Z,iya bg si alin otak nya udah kayak dontoll
@YANTOKECE8,TAK NORMAL SEJAK KAPAN ADA ORANG BIRAHI SAMA KOTAK,0,2025-07-08T00:10:11Z,tak normal sejak kapan ada orang birahi sama kotak
@Kay_Fox99,Bawa santai saja ğŸ™ƒğŸ‘,0,2025-07-07T18:27:28Z,bawa santai saja
@m.jabbarazhar1529,hadeh veteran roblox sejak 2020 liat ini kecewa sih,0,2025-07-07T14:03:45Z,hadeh veteran roblox sejak 2020 liat ini kecewa sih
@Jackie-h9y,"Sebelah cuk malah bilang lebih sehat suka anime padahal, sama sama ga sehat yang satu suka balok yang satu lagi suka halusinasi ğŸ˜‚ğŸ˜‚",0,2025-07-07T13:36:02Z,sebelah cuk malah bilang lebih sehat suka anime padahal sama sama ga sehat yang satu suka balok yang satu lagi suka halusinasi
@bikomang,Biar gaada org dongo gini kek alin,0,2025-07-07T13:13:33Z,biar gaada org dongo gini kek alin
@bikomang,Di rblx yg dlu aj dah,0,2025-07-07T13:13:15Z,di rblx yg dlu aj dah
@TandoTando-y6g,Apakah kamu suka Avatar Roblox ya kamu stres bro stres ğŸ˜‚ğŸ˜‚ğŸ˜‚ğŸ˜‚,0,2025-07-07T12:36:57Z,apakah kamu suka avatar roblox ya kamu stres bro stres
@galih29-n7u,Aku di brookhaven barak militer ğŸ’€,0,2025-07-07T12:19:27Z,aku di brookhaven barak militer
@BngKolil,Birahi ama balok,0,2025-07-07T11:19:03Z,birahi ama balok
@Ahdanahtar-q2h,Gua mah dari pak GM,0,2025-07-07T10:13:34Z,gua mah dari pak gm
@Tiramisu.Latte2509,Gua yg main roblox liat beginian jadi ga main roblox lgğŸ—¿,1,2025-07-07T06:59:27Z,gua yg main roblox liat beginian jadi ga main roblox lg
@Adrian-y5s9t,"Sendang Lanang yang main forsaken:
Pilih killer apaan ya",1,2025-07-07T06:53:30Z,sendang lanang yang main forsaken pilih killer apaan ya
@habiebieaufadzaki2353,Pasti yang nonton fokus karena tob***ğŸ—¿ğŸ’€,0,2025-07-07T04:35:10Z,pasti yang nonton fokus karena tob
@VILAIN_upin,gua pwngen ketemu orang ya biar minta robuxğŸ˜‚ğŸ˜‚ğŸ˜‚ğŸ˜‚ğŸ˜‚,0,2025-07-07T03:49:02Z,gua pwngen ketemu orang ya biar minta robux
@ASEP-0804,Oji Wahyudi : Aku c**tt,1,2025-07-07T03:21:59Z,oji wahyudi aku c tt
@BlueXel-l3b,"avatar itu mungkin bagus, keren, cantik, tapi kalo anda birahi malah ngajak temen, lu kek donto-",1,2025-07-07T02:14:36Z,avatar itu mungkin bagus keren cantik tapi kalo anda birahi malah ngajak temen lu kek donto
@SantoruGaming,Org waras mana yg birahi sama karakter kotak kotakğŸ˜‚ğŸ˜‚,0,2025-07-07T01:46:43Z,org waras mana yg birahi sama karakter kotak kotak
@drakeano,Si valen iseng buat malah jadi trend anjir awoakwok,0,2025-07-07T00:19:54Z,si valen iseng buat malah jadi trend anjir awoakwok
@NauraKhairunnisaRamadani,plis gw nyesel deh pake badan body blushğŸ˜­ğŸ˜,0,2025-07-07T00:14:50Z,plis gw nyesel deh pake badan body blush
@AzrilAzril-o2f,dari pada pantengin vidio tuh mendingan gw nonton tutorial cara bernafas,1,2025-07-06T19:24:21Z,dari pada pantengin vidio tuh mendingan gw nonton tutorial cara bernafas
@S3PT14N,Aman bg b wae gw,0,2025-07-06T17:21:04Z,aman bg b wae gw
@EL-EDITZ-9999,Birahi Ama kotak ğŸ˜‚ğŸ˜‚,0,2025-07-06T16:45:22Z,birahi ama kotak
@maskplay123,"Bingung gw, ini generasi bukannya semakin maju malah semakin gilaa, aneh udah",1,2025-07-06T15:25:28Z,bingung gw ini generasi bukannya semakin maju malah semakin gilaa aneh udah
@eppilestari3666,Gw tau roblox dari teman,0,2025-07-06T11:32:40Z,gw tau roblox dari teman
@Zero_Grafity,game roblox ramai karena grow a garden sama trend itu doang ğŸ˜‚,2,2025-07-06T11:10:39Z,game roblox ramai karena grow a garden sama trend itu doang
@veldora_25,"Ah sudah lah,udah beberapa tahun,tragedi ini mengingatkan kembali akan seseorang dari jepang yang nikah dengan karakter hitsune miku,ah man ayolah,itu hanya semua karakter,jangan sampe warga indo ada yang ngeluarin duit sampe ratusan milyar,buat nikah sama karakter itu,cukup sekertaris desa yang korup dana desa sebesar 500jt buat top up ML,",0,2025-07-06T10:02:14Z,ah sudah lah udah beberapa tahun tragedi ini mengingatkan kembali akan seseorang dari jepang yang nikah dengan karakter hitsune miku ah man ayolah itu hanya semua karakter jangan sampe warga indo ada yang ngeluarin duit sampe ratusan milyar buat nikah sama karakter itu cukup sekertaris desa yang korup dana desa sebesar 500jt buat top up ml
@RAKHWANGY,Oji wahyudi oh oji wahyudiğŸ˜¹,0,2025-07-06T09:55:07Z,oji wahyudi oh oji wahyudi
@UnLucky217,"birahi ama gituan? ga waras, yg bikin char ga masalah, yg masalah tuh otak kalian sangean anjir, otak nya di simpen di tytyt",0,2025-07-06T07:55:42Z,birahi ama gituan ga waras yg bikin char ga masalah yg masalah tuh otak kalian sangean anjir otak nya di simpen di tytyt
@Soldier64738,Kreatornya sendiri sampai hiatus hanya karena si Oji,0,2025-07-06T07:25:43Z,kreatornya sendiri sampai hiatus hanya karena si oji
@pencintakeindahan3406,Yoooo haram,0,2025-07-06T07:17:17Z,yoooo haram
@Car-and-shot,Cuk balok,0,2025-07-06T07:15:03Z,cuk balok
@mahiiruuchaan,Ah normal inimahğŸ˜‚,0,2025-07-06T07:12:16Z,ah normal inimah
@rizwanmaulana5766,Namanya jg wibu ya gitu kalo ga cabul ya stress,0,2025-07-06T07:00:18Z,namanya jg wibu ya gitu kalo ga cabul ya stress
@Dimas.ahmad_muzaki.07,"Kayaknya ODGJ masih mending ketimbang Oji, hell nah â˜ ï¸â˜ ï¸",0,2025-07-06T06:45:16Z,kayaknya odgj masih mending ketimbang oji hell nah
@Newgate_N,Ban roblox. ğŸ˜Š,0,2025-07-06T06:25:01Z,ban roblox
@Wahyu-v8o,Oji wahyudi,0,2025-07-06T06:24:58Z,oji wahyudi
@SenseiArguzz,Birahi ama balok,0,2025-07-06T06:02:22Z,birahi ama balok
@DarleloDarlelo,oji wahyudi ingin menikah dengan karakter Roblox ğŸ˜‚ğŸ˜‚ğŸ˜‚ğŸ˜‚ğŸ˜‚ğŸ˜‚ğŸ˜‚,3,2025-07-06T05:38:31Z,oji wahyudi ingin menikah dengan karakter roblox
@zhym_sweetluvv,meanwhile gw cwe ava cwoğŸ¤­ğŸ¤­,1,2025-07-06T05:31:51Z,meanwhile gw cwe ava cwo
@SUPERBANDBIKINIBOTTOM,Apalah cik birahi sama balok,0,2025-07-06T05:03:49Z,apalah cik birahi sama balok
@keonggondang989,"Lah jaman gw dulu sama aja, bedanya low poly ğŸ¤£ğŸ¤£",0,2025-07-06T04:50:06Z,lah jaman gw dulu sama aja bedanya low poly
@nazxwa,Pas aku liat akun tik tok nya kok DikitğŸ—¿,0,2025-07-06T04:00:29Z,pas aku liat akun tik tok nya kok dikit
@AkiraApgan,Wahyudi wahyudiğŸ˜­,0,2025-07-06T03:26:36Z,wahyudi wahyudi
@feirx038,diaitusus di roblox lu juga gw ada tau,0,2025-07-06T01:33:22Z,diaitusus di roblox lu juga gw ada tau
@feirx038,ğŸ˜ ğŸ˜ ğŸ˜ ğŸ˜ ğŸ˜ ğŸ˜ dia itu sus di roblox lu,0,2025-07-06T01:32:08Z,dia itu sus di roblox lu
@feirx038,sus!!ğŸ˜ ,0,2025-07-06T01:30:53Z,sus
@tuyulhijau123,Roblox viral karena gag,0,2025-07-06T01:21:00Z,roblox viral karena gag
@shovartube,"Ah normal itumah, temen gw gambar muka di bola barunya malah dibuat jadi istriğŸ—¿ğŸ—¿",0,2025-07-06T00:37:50Z,ah normal itumah temen gw gambar muka di bola barunya malah dibuat jadi istri
@Dsariqullahhh123.,nanggung banget mending lu liat hentai.,0,2025-07-05T21:43:11Z,nanggung banget mending lu liat hentai
@AqHR-t4d,amboiiii sodapnyoooooo,0,2025-07-05T17:29:36Z,amboiiii sodapnyoooooo
@HaruCh007,"Ga ngapa ngapain, ga Nyenggol malah makin rame ğŸ’€",1,2025-07-05T16:26:38Z,ga ngapa ngapain ga nyenggol malah makin rame
@Agus-gz1zr,Mereka ngak terselamatkan ğŸ˜‚ğŸ˜‚ğŸ˜‚ğŸ˜‚,0,2025-07-05T15:30:51Z,mereka ngak terselamatkan
@pgwpills,"Jadi males main roblox dah, jadi game cari pacar sama caboel ğŸ‘º",0,2025-07-05T15:24:28Z,jadi males main roblox dah jadi game cari pacar sama caboel
@GdeTeo,Biasa goblok,0,2025-07-05T14:46:17Z,biasa goblok
@Lamka_chanel,oji Wahyudi mana tahan,0,2025-07-05T14:23:49Z,oji wahyudi mana tahan
@Samurai-Vvvv,Orang gila mana yang birahi ama Lego anjg,0,2025-07-05T13:04:34Z,orang gila mana yang birahi ama lego anjg
@KingAbhin,Antum birahiğŸ˜‚,1,2025-07-05T12:47:05Z,antum birahi
@NugiAswanaska,Birahi sama Avatar AlinğŸ—¿,0,2025-07-05T12:28:30Z,birahi sama avatar alin
@BakulsembakoSugih,Gw gk pernha nonton chanel dia dan gw gk terpengaruh karena dia dan gw masuk roblox tapi karena kelihatan seru,0,2025-07-05T11:47:30Z,gw gk pernha nonton chanel dia dan gw gk terpengaruh karena dia dan gw masuk roblox tapi karena kelihatan seru
@ibnu374,anjir gw gak bisa berkata kata,0,2025-07-05T11:41:17Z,anjir gw gak bisa berkata kata
@jimmyaditiya8279,Wkwk bocah banyakan colay ya gtu,0,2025-07-05T11:36:34Z,wkwk bocah banyakan colay ya gtu
@Arya-z8o7x,Menurut gua mah si wahyudi yang salah si alin mah cuman berkreasi,1,2025-07-05T11:30:33Z,menurut gua mah si wahyudi yang salah si alin mah cuman berkreasi
@RafliGM,Itu udah gak normal bg itu udah ganguan jiwa,0,2025-07-05T11:09:01Z,itu udah gak normal bg itu udah ganguan jiwa
@S_Memer89,Fomo dasar orang orang menyedihkan ha punya pasangan,0,2025-07-05T10:51:52Z,fomo dasar orang orang menyedihkan ha punya pasangan
@RealmeC11-vo2gu,Jir ada yang mau birahi sama balok kalo gw mah lebih baik Mabar blood strike nice ğŸ‘,0,2025-07-05T10:29:36Z,jir ada yang mau birahi sama balok kalo gw mah lebih baik mabar blood strike nice
@SeptianTian-j7d,Roblox sekarang pada gak seru terus Sus lagi,0,2025-07-05T08:34:05Z,roblox sekarang pada gak seru terus sus lagi
@RayaNurMubarok,HELL NAHH aneh aneh aja ğŸ˜…,1,2025-07-05T08:18:45Z,hell nahh aneh aneh aja
@nqtsuuuo5567,"Klo mau ava ky gini mending amin zepeto aja, roblok gim buat bocil jir",0,2025-07-05T08:04:40Z,klo mau ava ky gini mending amin zepeto aja roblok gim buat bocil jir
@stefanuspenes5555,"Player report: lihat itu ada yg sus 

Roblox: ha itu bukan urusan ku",1,2025-07-05T07:34:17Z,player report lihat itu ada yg sus roblox ha itu bukan urusan ku
@ARROYAYAN,"Yang di tutup pake warna hijau tuh Sus sam ngetod ğŸ—¿ğŸ—¿ğŸ—¿ğŸ—¿ğŸ—¿ğŸ—¿
ğŸ—¿ğŸ—¿ğŸ—¿ğŸ—¿",0,2025-07-05T07:32:43Z,yang di tutup pake warna hijau tuh sus sam ngetod
@NotPostAnymore,"Char On average KU
Helm  F1 2022
baju Default Free
kalung 24K Gold dari event sama kacamata
celana Default Free :V HEHE",0,2025-07-05T07:05:40Z,char on average ku helm f1 2022 baju default free kalung 24k gold dari event sama kacamata celana default free v hehe
@cathrinechandranadi10,Salah yang benar dari grow a garden,0,2025-07-05T07:01:26Z,salah yang benar dari grow a garden
@ArdanArdan-t1m,Bro gw ga sus,0,2025-07-05T06:57:32Z,bro gw ga sus
@ãƒªãƒ•æœŸã§ã™,User redit yg suka sama mobil : ah normal ini,0,2025-07-05T06:36:10Z,user redit yg suka sama mobil ah normal ini
@Zyland_taufik,Roblox sebenarnya game ramah cuman dimainkan sama bocah 18+ yg mikirnya udah kgk waras ya WAJAR AJA IQ INDO -10,0,2025-07-05T06:35:48Z,roblox sebenarnya game ramah cuman dimainkan sama bocah 18 yg mikirnya udah kgk waras ya wajar aja iq indo 10
@Pabiangg,Game roblox dah rusak tae banyknya r63 r36 malas kalau gini main lagi,0,2025-07-05T06:29:52Z,game roblox dah rusak tae banyknya r63 r36 malas kalau gini main lagi
@nepaajj,"GA NORMAL ,SAMA KAYAK YG CINTA SAMA KARTUN",0,2025-07-05T06:16:28Z,ga normal sama kayak yg cinta sama kartun
@woilah-rek,Sebenarnya orang yang sange sama karakter fiksi termasuk anime atau karakter game itu udh gila,0,2025-07-05T06:10:15Z,sebenarnya orang yang sange sama karakter fiksi termasuk anime atau karakter game itu udh gila
@HAYPER_GAMERZFREEFIRE,oji oji,0,2025-07-05T06:05:06Z,oji oji
@Razornanimation,bocah ngawor,0,2025-07-05T05:19:28Z,bocah ngawor
@RobbilAlfiansyah,Gue suka gila di roblox bang gak kayak itu tambah gue suka jahil,1,2025-07-05T04:49:35Z,gue suka gila di roblox bang gak kayak itu tambah gue suka jahil
@thepeopleplaygroundonly13a28,Mending pakai r6 aja sihğŸ’€,0,2025-07-05T04:46:37Z,mending pakai r6 aja sih
@king1reng,Aneh si ya banyak orang yg sange sama kotak kotak (karakter Roblox),0,2025-07-05T04:46:33Z,aneh si ya banyak orang yg sange sama kotak kotak karakter roblox
@bintangsurya,BIASANYA BAHS ANIME KALI INI BAHAS GAME,0,2025-07-05T04:22:27Z,biasanya bahs anime kali ini bahas game
@fazrul_yt9032,roblox sudah bukan roblox yang kukenal lagiğŸ—¿,0,2025-07-05T04:11:29Z,roblox sudah bukan roblox yang kukenal lagi
@IlhamMC001,Aneh jir masa suka sama characterğŸ—¿ğŸ—¿,0,2025-07-05T04:08:16Z,aneh jir masa suka sama character
@Reflan-d7o,Definisi dari puncak fans roblox ğŸ˜‚,0,2025-07-05T03:41:38Z,definisi dari puncak fans roblox
@darrellhendraarmy152,"Tapi inget,biasanya yang ava cewe cantik gitu ada yabg cewe beneran ada yang cowo,jai biasanya kalo masang tiktok gitu cowo nyamar,kaya temen gw dia cowo tapi pasang swnya ava cewe cakep dan itu avatar roblox dia sendiri dawgğŸ—¿",0,2025-07-05T03:27:19Z,tapi inget biasanya yang ava cewe cantik gitu ada yabg cewe beneran ada yang cowo jai biasanya kalo masang tiktok gitu cowo nyamar kaya temen gw dia cowo tapi pasang swnya ava cewe cakep dan itu avatar roblox dia sendiri dawg
@SPRINGTRAP-55,"Anda birahi sama kotak 
Cepat lah tobat oi jangan coli terus",0,2025-07-05T03:21:12Z,anda birahi sama kotak cepat lah tobat oi jangan coli terus
@ArsyadMhd,Aneh + gaguan jiwa anjir suka kok sama paha kotak aduh dasar bocah ingat Roblox bukan untuk anak anak 14 kebawah,0,2025-07-05T03:00:55Z,aneh gaguan jiwa anjir suka kok sama paha kotak aduh dasar bocah ingat roblox bukan untuk anak anak 14 kebawah
@khatrinanabilah4704,salah karna rame grow a garden,0,2025-07-05T02:52:52Z,salah karna rame grow a garden
@ARKNZ_FVRTZ,"Gw player roblox 4 tahun cuma main map horror dan battlefied terusan, walaupun terkadang menahan nafsu dari karakter kotak imut, unyu, dan s**si itu ğŸ—¿",1,2025-07-05T02:50:24Z,gw player roblox 4 tahun cuma main map horror dan battlefied terusan walaupun terkadang menahan nafsu dari karakter kotak imut unyu dan s si itu
@AfkarElfadla,Najis cok mending waifu,0,2025-07-05T02:05:17Z,najis cok mending waifu
@fanxforsaken,Untungnya gw main forsakenğŸ˜‚ğŸ˜‚,0,2025-07-05T01:38:58Z,untungnya gw main forsaken
@robloxmeme_edit,Rata rata karakter kayak gitu boti coyğŸ¤šğŸ˜‚âœ‹,0,2025-07-05T01:30:28Z,rata rata karakter kayak gitu boti coy
@Ryuu888gfx,Oji keknya udh kena lcd nyağŸ˜‚,0,2025-07-05T01:25:07Z,oji keknya udh kena lcd nya
@Realmepro3jetispateb0NSebelas,Oji Wahyudi panas panas sange ey,0,2025-07-05T01:23:34Z,oji wahyudi panas panas sange ey
@getz8090,Alin ketauan mamahnya ğŸ¤­,1,2025-07-05T01:19:43Z,alin ketauan mamahnya
@alfatharachannel9805,"Orang gila dia co , dia mau ya itulah",0,2025-07-05T01:07:11Z,orang gila dia co dia mau ya itulah
@IndoSumatraOfficial,Alamak Roblox sekarang tidak seperti dulu lagi â˜•ğŸ’€,0,2025-07-05T01:04:11Z,alamak roblox sekarang tidak seperti dulu lagi
@ahtong6567,Gw palingan suka game tembak tembakan fi roblox,1,2025-07-05T00:48:51Z,gw palingan suka game tembak tembakan fi roblox
@ZitnySebastiancahyano,Gw masih tetap setia dengan wot blitz,0,2025-07-04T23:11:20Z,gw masih tetap setia dengan wot blitz
@LordYuii,Ganggu jiwa sih yg bener kalo suka Ama ava nya ğŸ—¿,0,2025-07-04T22:50:56Z,ganggu jiwa sih yg bener kalo suka ama ava nya
@AhmadaliRusdan,alah bocil itu,0,2025-07-04T22:39:00Z,alah bocil itu
@Wibucihuy,"Ya ya ... YA ITU NAMANYA GILA ANJIR, bayangin kalo lu suka sama karakter game bullsh** kyk gitu wah gila lu anjir, berotak San**  lu
Bayangin orang tua lu yang denger lu san** sama karakter game langsung ancur harapan ortu bejirğŸ˜‚ğŸ˜‚ğŸ˜‚
Sudah lah bang mari kita kejalan yang benar JANGAN SAMPE SAN** SAMA KARAKTER GAME (btw ini buat yang San** sama karakter Roblox)",0,2025-07-04T22:07:32Z,ya ya ya itu namanya gila anjir bayangin kalo lu suka sama karakter game bullsh kyk gitu wah gila lu anjir berotak san lu bayangin orang tua lu yang denger lu san sama karakter game langsung ancur harapan ortu bejir sudah lah bang mari kita kejalan yang benar jangan sampe san sama karakter game btw ini buat yang san sama karakter roblox
@Ashuraa69,Orang gilağŸ’€,0,2025-07-04T21:09:47Z,orang gila
@REGISKUYBOY,Gw main roblox buat blox fruit ğŸ˜…,0,2025-07-04T19:39:40Z,gw main roblox buat blox fruit
@GeorickGrande,Gara-gara grow a garden roblox jadi viral bang! Gua udah jadi warga grow a garden,1,2025-07-04T18:13:10Z,gara gara grow a garden roblox jadi viral bang gua udah jadi warga grow a garden
@abilzz-1306,Gila ada yang birahi sama ava rblx ğŸ˜¹ğŸ˜¹,0,2025-07-04T17:53:56Z,gila ada yang birahi sama ava rblx
@CelloAzka-u2w,Sus bang,0,2025-07-04T17:38:21Z,sus bang
@ArVittz_CH,ABSOLUTE FREAKYâœ‹ğŸ—¿ğŸ¤š,1,2025-07-04T17:28:19Z,absolute freaky
@gilbertosuhandi4312,"Daripada peduliin soal skin doang, mending main GAG ajğŸ˜Š",0,2025-07-04T16:58:54Z,daripada peduliin soal skin doang mending main gag aj
@ayunda-5,Menurutku tidak pantas untuk menjadi konten Roblox karena itu haram kitab suci aja tidak boleh melihat itu,1,2025-07-04T16:53:37Z,menurutku tidak pantas untuk menjadi konten roblox karena itu haram kitab suci aja tidak boleh melihat itu
@mazkasyawal,keren? dongo,0,2025-07-04T16:06:55Z,keren dongo
@ahmadfaizals1099,"Vann: ""Gw mah netral aja, cuma s*nge dkit sama char cwe roblox kalo gk gtu s*nge sama cwe anime""",0,2025-07-04T15:53:01Z,vann gw mah netral aja cuma s nge dkit sama char cwe roblox kalo gk gtu s nge sama cwe anime
@LigggSyamm,Bahan coli,0,2025-07-04T15:50:16Z,bahan coli
@AkmalnonoNono,"Coba cek,akunya Alin udah ilang entah kemanağŸ˜‚",2,2025-07-04T15:18:09Z,coba cek akunya alin udah ilang entah kemana
@Ridho-saja15,Stresss,1,2025-07-04T14:58:48Z,stresss
@zofaraziz4699,Perasaan yg bikin rame gara gara game grow a gardenğŸ—¿,0,2025-07-04T14:39:26Z,perasaan yg bikin rame gara gara game grow a garden
@Mr_sanzz13,"Roblox rame bukan karena dia
tapi karena grow a garden ğŸ˜‚",0,2025-07-04T14:13:05Z,roblox rame bukan karena dia tapi karena grow a garden
@MIKASA_edit-u1,punya ku aja Mikasa jadi yaaaa gk yerbuka lah,0,2025-07-04T13:58:12Z,punya ku aja mikasa jadi yaaaa gk yerbuka lah
@isaayubi781,Bg lusa gw mondok dadah bgğŸ¥²,0,2025-07-04T13:56:53Z,bg lusa gw mondok dadah bg
@joybastian8578,Wkwkwk gua main dari 2019 bukan karna sus tapi karna seruğŸ˜‚,0,2025-07-04T13:27:32Z,wkwkwk gua main dari 2019 bukan karna sus tapi karna seru
@çœŸå®Ÿã®ãªã„äººç”Ÿ,G,0,2025-07-04T13:13:57Z,g
@Eaglewingers,Bukannya emang ud rame ya bang,0,2025-07-04T12:38:47Z,bukannya emang ud rame ya bang
@seanyuki-p3f,ğŸ˜‚ğŸ˜‚ğŸ˜‚ğŸ˜‚ğŸ˜‚ğŸ˜‚wkwkwkwkwkw,0,2025-07-04T12:14:48Z,wkwkwkwkwkw
@bikomang,Cringe itu mending bacon sih,0,2025-07-04T12:10:17Z,cringe itu mending bacon sih
@erwinwijaya2945,Nafsu kok ama kotak kubus...ğŸ˜®...dulu roblox kotak2 soalnyağŸ˜…,0,2025-07-04T12:09:17Z,nafsu kok ama kotak kubus dulu roblox kotak2 soalnya
@icmalgaming,Emang udah gak waras para gen alpha :v,0,2025-07-04T12:01:55Z,emang udah gak waras para gen alpha v
@aryadanu4432,"""karakter Roblox bikin Aceng""yaampunğŸ˜‚",0,2025-07-04T11:57:54Z,karakter roblox bikin aceng yaampun
@noah_socool198,Dulu robux gratis tapi sekarang bayar,2,2025-07-04T11:52:43Z,dulu robux gratis tapi sekarang bayar
@KhoirulAnam-z6y,Hell nah,0,2025-07-04T11:45:48Z,hell nah
@anomalywibu,Orang lain bikin char Roblox yg lain keren bagus atau jan jan sus lah gw malah bikin ava jawa njir ğŸ—¿,1,2025-07-04T11:45:18Z,orang lain bikin char roblox yg lain keren bagus atau jan jan sus lah gw malah bikin ava jawa njir
@speednaikmoto,Mending jadi petani ğŸ˜‚,0,2025-07-04T11:14:56Z,mending jadi petani
@Muhammad.Rosada,Normal untuk orang bodoh,0,2025-07-04T11:14:13Z,normal untuk orang bodoh
@Save_and_free_palestine,"Versi fan artnya masih mending njir kek anime anime gitu, tapi kalau versi game kok bisa ada yang sange?",0,2025-07-04T11:00:25Z,versi fan artnya masih mending njir kek anime anime gitu tapi kalau versi game kok bisa ada yang sange
@daxlopez5651,Dia benar benar gila,0,2025-07-04T10:59:08Z,dia benar benar gila
@Mungkin123,Oji Wahyudi ğŸ¤­,0,2025-07-04T10:48:54Z,oji wahyudi
@DJVNX08,Oji wahyudiğŸ¥€,0,2025-07-04T10:25:20Z,oji wahyudi
@justzamxx,Oji wahyudi ğŸ’€,0,2025-07-04T10:14:13Z,oji wahyudi
@jeraldhotmartua6975,Aku benci anime satu itu bro ğŸ˜¡ğŸ˜¡ğŸ¤¬ğŸ¤¬ğŸ˜±,0,2025-07-04T06:43:13Z,aku benci anime satu itu bro
@syanz.,Orang gila,0,2025-07-04T03:54:07Z,orang gila
@Hi_hi-us,Udah gk wajar birahi sama character robloxğŸ’€ğŸ’€,0,2025-07-04T03:30:07Z,udah gk wajar birahi sama character roblox
@DENZZ1102-h8o,Udh gk normalğŸ˜‚,0,2025-07-04T03:19:30Z,udh gk normal
@EvosRrqGalang1234,"Harus di ban,nanti anak anak liat",0,2025-07-04T02:50:20Z,harus di ban nanti anak anak liat
@RKzaks_1,Gua main roblok gk cinta sama char roblox kalo gua cinta sama char roblox sinting gua. Gua pengen kaya di grow a garden bukan cinta sama char roblox,0,2025-07-04T01:41:49Z,gua main roblok gk cinta sama char roblox kalo gua cinta sama char roblox sinting gua gua pengen kaya di grow a garden bukan cinta sama char roblox
@rayyanrafif4347,mana tahan ğŸ˜‹,0,2025-07-04T01:36:41Z,mana tahan
@white-rabbitOfficial,ğ’‰­,0,2025-07-04T00:14:40Z,
@OttoVonspielberg,Oji wahyudi ğŸ˜‚ğŸ˜‚ğŸ˜‚,0,2025-07-03T18:08:03Z,oji wahyudi
@SmoolEi,Ad versi bok- nya ga? Brp gb kalok ada?,0,2025-07-03T15:57:27Z,ad versi bok nya ga brp gb kalok ada
@askagibran6520,Roblox sekarang bukan geme untuk anak anak,0,2025-07-03T12:28:24Z,roblox sekarang bukan geme untuk anak anak
@NoobCoc-k7p,Pantes sekarang kalo main ada batas usia sekarang dulu kan ga adağŸ—¿,0,2025-07-03T11:26:39Z,pantes sekarang kalo main ada batas usia sekarang dulu kan ga ada
@abidzaralfatih-u3f,Main Roblox si boleh tapi jangan birahi juga,0,2025-07-03T11:17:43Z,main roblox si boleh tapi jangan birahi juga
@abidzaralfatih-u3f,Gue pengen ketawa anjir,0,2025-07-03T11:17:27Z,gue pengen ketawa anjir
@cadalchan,"Biasa aja ah Avatar nya 
Mending punya pacar Solehah, rajin,penurut,bisa masak,dan yg paling penting bisa main ml sama gw ğŸ˜‚",0,2025-07-03T10:40:27Z,biasa aja ah avatar nya mending punya pacar solehah rajin penurut bisa masak dan yg paling penting bisa main ml sama gw
@dandadandi,Player roblox sekarang udah melenceng,1,2025-07-03T09:20:22Z,player roblox sekarang udah melenceng
@ismailiwankalashnikov710,"Aduhai ini game isinya bocil bocil loh
Gw pernah ketemu player Avatar kayak gitu umur nya 10 tahun jir
Mana pacaran sama orang randomğŸ’€",0,2025-07-03T06:05:53Z,aduhai ini game isinya bocil bocil loh gw pernah ketemu player avatar kayak gitu umur nya 10 tahun jir mana pacaran sama orang random
@Beneddetta-b9n9w,wanjr di bahas dongğŸ˜­,0,2025-07-03T05:00:23Z,wanjr di bahas dong
@NoisiV29,Gara gara grow a garden ga sih,1,2025-07-03T04:49:36Z,gara gara grow a garden ga sih
@inoymnka,kesukaan oji wahyudiğŸ˜¹ğŸ˜¹,0,2025-07-03T04:17:12Z,kesukaan oji wahyudi
@yogiamanda5094,Stress,0,2025-07-03T04:17:11Z,stress
@BUNTALTWERBANG,Roblox udah gak gak toleran ana bocil,0,2025-07-03T04:13:30Z,roblox udah gak gak toleran ana bocil
@EL_ExpLord_284,"Hey yoooo, chill aut broo",0,2025-07-03T04:12:25Z,hey yoooo chill aut broo
@triq_0130,untung gw main gegara mau main GAGğŸ—¿,1,2025-07-03T03:47:03Z,untung gw main gegara mau main gag
@XiaoHereee,Karakter roblox sekarang vulgar bet anjirğŸ˜¹,0,2025-07-03T03:42:04Z,karakter roblox sekarang vulgar bet anjir
@setanlu-t1k,hell nahğŸ’€,0,2025-07-03T03:14:15Z,hell nah
@afnansukafreefire,"Yang suka roblox
ğŸ‘‡",0,2025-07-03T03:07:26Z,yang suka roblox
@rezamaulana7810,Birahi pada roblox ğŸ˜‚ apakah kalian sudah tidak waras,0,2025-07-03T02:16:51Z,birahi pada roblox apakah kalian sudah tidak waras
@DEKY_SZ,"kalo dibilang gak normal, ya emang gak normal. tapi mendingan dibawa santai saja, lagian birahi sama karakter game gak jarang juga. ada yang birahi sama 2B atau mungkin karakter dari game lain, hal kayak gini tuh emang gak normal. tapi giliran ada yang birahi sama avatar Roblox baru koar-koar, padahal birahi sama karakter game udah bisa dibilang umum banget",0,2025-07-03T02:14:21Z,kalo dibilang gak normal ya emang gak normal tapi mendingan dibawa santai saja lagian birahi sama karakter game gak jarang juga ada yang birahi sama 2b atau mungkin karakter dari game lain hal kayak gini tuh emang gak normal tapi giliran ada yang birahi sama avatar roblox baru koar koar padahal birahi sama karakter game udah bisa dibilang umum banget
@darkangels9080,Kenapa admin bahas ini woylahğŸ˜‚ğŸ˜‚ğŸ˜‚,0,2025-07-03T02:12:57Z,kenapa admin bahas ini woylah
@Lokingsometisbatteer,"Awokawokawok ,binal ama paha kotakğŸ¤£",0,2025-07-03T00:54:26Z,awokawokawok binal ama paha kotak
@wildriftranger,Game sesat kumpulan para bocilğŸ˜‚ğŸ˜‚ğŸ˜‚ğŸ˜‚,0,2025-07-03T00:21:07Z,game sesat kumpulan para bocil
@YulianaYuli-np7kp,Cantik sih tapi kalo birahi sama karakter lu gila sumpah mending lu main ff terus ml cari cewek reall dari pada lu birahi sama karakter Roblox GK jelas walaupun cantik ya gila lu saya aslinya dua orang ğŸ™,0,2025-07-02T23:59:42Z,cantik sih tapi kalo birahi sama karakter lu gila sumpah mending lu main ff terus ml cari cewek reall dari pada lu birahi sama karakter roblox gk jelas walaupun cantik ya gila lu saya aslinya dua orang
@abdul-zy3dw,Kalau gw sih Kya ğŸ˜‹,0,2025-07-02T23:52:36Z,kalau gw sih kya
@abdul-zy3dw,Ente nafsu sama sama kotak kotak ğŸ˜¡,0,2025-07-02T23:52:19Z,ente nafsu sama sama kotak kotak
@NoLake4465,I'm bricked,0,2025-07-02T23:50:48Z,i m bricked
@adekurniawan187,"Sumpah kangen Roblox dulu jadinya soalnya gaada yang toxic,sexy danğŸ¤¨ oke Taulah ya,kalo kalian lihat karakter kek apa yang kalian lakukan?
Kalo gw..... AK-47 sudah ditangan",0,2025-07-02T23:49:50Z,sumpah kangen roblox dulu jadinya soalnya gaada yang toxic sexy dan oke taulah ya kalo kalian lihat karakter kek apa yang kalian lakukan kalo gw ak 47 sudah ditangan
@akudimana1847,Gws,0,2025-07-02T23:49:01Z,gws
@chikomaifa,Ah roblox bukanya buat nyantai kok kadi kek gini bjir,0,2025-07-02T23:45:39Z,ah roblox bukanya buat nyantai kok kadi kek gini bjir
@AFIX-NT089,Bro... Gw lebih milih nonton skibidi toilet daripada liat kek ginian,1,2025-07-02T23:40:57Z,bro gw lebih milih nonton skibidi toilet daripada liat kek ginian
@Baimal17,Itu mah masih manding coba versi r63 ya itu udah kaya toprut bahkan udah berisiâ˜ ï¸,0,2025-07-02T23:27:26Z,itu mah masih manding coba versi r63 ya itu udah kaya toprut bahkan udah berisi
@Tama-os3nh,Oji wahyudi ğŸ’€,0,2025-07-02T23:22:09Z,oji wahyudi
@firmansyagamers,Game Fomo,0,2025-07-02T23:11:33Z,game fomo
@LORDZYS2012,Stress,0,2025-07-02T22:55:36Z,stress
@Dimasmaulana23,Bukti bahwa Indonesia penderita skizofrenia no 1 di dunia,0,2025-07-02T22:52:47Z,bukti bahwa indonesia penderita skizofrenia no 1 di dunia
@ghinanurfaizah05,"Jujur emang karakternya cantik, tapi kok bisa ada yang seperti itu ya",0,2025-07-02T22:47:17Z,jujur emang karakternya cantik tapi kok bisa ada yang seperti itu ya
@Dezueditz,"antum birahi ama avatar roblox?ğŸ’€â˜ ï¸,bro sudah kehilangan akal nyağŸ’€â˜ ï¸",0,2025-07-02T22:36:33Z,antum birahi ama avatar roblox bro sudah kehilangan akal nya
@GameKeiko.ID1,Pantes muncul di beranda IG muluğŸ˜¦,0,2025-07-02T22:32:19Z,pantes muncul di beranda ig mulu
@YUZEY_ROBLOXGG,wajar aja sih bg.udh ada banyak gak cuman itu.ama Paling cuman candaan udh biasa,0,2025-07-02T22:31:32Z,wajar aja sih bg udh ada banyak gak cuman itu ama paling cuman candaan udh biasa
@YISLUFEINCH,anda sange sama char kotak?,0,2025-07-02T22:27:30Z,anda sange sama char kotak
@diffyizqi2547,yaelah,0,2025-07-02T21:54:25Z,yaelah
@R_FOKTRA_X,Gw yang main Roblox buat nyari game buatan indonesia ngelihat konten dance:daf*q men,0,2025-07-02T21:08:49Z,gw yang main roblox buat nyari game buatan indonesia ngelihat konten dance daf q men
@Fatpuddinggt,aduh ke kamar mandi lagi dawg,0,2025-07-02T20:21:03Z,aduh ke kamar mandi lagi dawg
@tempest529,Orang gilak ğŸ’€,0,2025-07-02T19:00:28Z,orang gilak
@ryuhikari4571,Birahi sama roblox cik wkkw,1,2025-07-02T18:56:28Z,birahi sama roblox cik wkkw
@sityqwer1249,"Dari pada joget"" gajelas mending kita main age of Titans",0,2025-07-02T18:28:15Z,dari pada joget gajelas mending kita main age of titans
@sidqimaulana7804,Gooners,0,2025-07-02T18:05:10Z,gooners
@Darkfriday534,Bang infoin Fan artnya,0,2025-07-02T17:50:34Z,bang infoin fan artnya
@albrtsimamora47,kangen roblox tahun 2014,0,2025-07-02T17:49:25Z,kangen roblox tahun 2014
@Ridho114-,"Karakter roblox itu 11 12 dengan anime menurut ku, cuman agak beda di beberapa hal. 

Jadi sebagai orang yang lumayan sering liat orang gila, entah sama Anime, Kartun, Furry, Roblox, Minecraft, Genshin, Dongua, Manhua, DLL menurut ku gaada bedanya Cuman sama sama Agak kena LCD nya aja.",6,2025-07-02T17:23:04Z,karakter roblox itu 11 12 dengan anime menurut ku cuman agak beda di beberapa hal jadi sebagai orang yang lumayan sering liat orang gila entah sama anime kartun furry roblox minecraft genshin dongua manhua dll menurut ku gaada bedanya cuman sama sama agak kena lcd nya aja
@kayy2548,"""sakit jiwa njr""",0,2025-07-02T17:03:13Z,sakit jiwa njr
@FadhilAbyanT,Oji WahyudiğŸ˜‚,0,2025-07-02T16:49:03Z,oji wahyudi
@RaihanEV,BIRAHI Ama karakter anj,0,2025-07-02T16:43:11Z,birahi ama karakter anj
@MNH1099,"Di jadikan AI juga menarik penampilannya ğŸ˜‚.. meanwhile meme yg bertebaran di internet so many people searching "" *Roblox **-porn-* """,1,2025-07-02T16:19:13Z,di jadikan ai juga menarik penampilannya meanwhile meme yg bertebaran di internet so many people searching roblox porn
@pengemisakunmla4904,Kenapa game Roblox banyak penghehe Avatar njier kan jadi gk mau main lagi kalo gitu,0,2025-07-02T16:03:07Z,kenapa game roblox banyak penghehe avatar njier kan jadi gk mau main lagi kalo gitu
@YamadaRiki,"GWS
Gak wafat sekalian",0,2025-07-02T15:50:46Z,gws gak wafat sekalian
@FirlyAgustian-k2c,"""Roblox bikin gobloxx""",1,2025-07-02T15:46:09Z,roblox bikin gobloxx
@pocongngetehtehpoci,Gitu doang sange bocil puber,0,2025-07-02T15:28:38Z,gitu doang sange bocil puber
@dancefloor9,Tapi emng cantik sih avatarnya anying,0,2025-07-02T15:25:19Z,tapi emng cantik sih avatarnya anying
@RinRoya,Nama avatarnya apa kalau di search di marketplaceğŸ«£,2,2025-07-02T15:11:51Z,nama avatarnya apa kalau di search di marketplace
@indo_1125,"S*nge sama Fanart nya masih mending, nah ini sama char nya langsung ğŸ¥€ğŸ¥€ brick by brick head ahh",0,2025-07-02T14:58:18Z,s nge sama fanart nya masih mending nah ini sama char nya langsung brick by brick head ahh
@alifxd5833,ğŸ—£ï¸GET OUT!!!!!!,0,2025-07-02T14:58:01Z,get out
@JazliJamaloding,Santai  ğŸ˜®,0,2025-07-02T14:47:56Z,santai
@kengaming-ip9gb,Fertis baru di dunia,0,2025-07-02T14:46:58Z,fertis baru di dunia
@dappXinzz,oji wahyudi sudah rusak bungğŸ˜‚,0,2025-07-02T14:46:26Z,oji wahyudi sudah rusak bung
@Fathan_mc1,Oji Wahyudi itu jirğŸ˜‚,0,2025-07-02T14:41:03Z,oji wahyudi itu jir
@kyrosses_0,"Gw malah main gara""monyet mini joget""ğŸ˜‚",0,2025-07-02T14:36:25Z,gw malah main gara monyet mini joget
@ajih-s5c,Duh panas panas sange euy ğŸ˜¹,0,2025-07-02T14:20:36Z,duh panas panas sange euy
@VhiJupitarenida,"Kok roblox bisa lepasin aksesoris yang kaya gitu ya?
Ngomong ""hi"" aja bisa di ban ini aksesoris kaya gini masih lepas 

Like how??!",0,2025-07-02T14:10:23Z,kok roblox bisa lepasin aksesoris yang kaya gitu ya ngomong hi aja bisa di ban ini aksesoris kaya gini masih lepas like how
@dreamgabut9511,"di pikiran gw : ""masih kawaian M4-chan gw""

edit: M4 adalah senjata",0,2025-07-02T14:01:21Z,di pikiran gw masih kawaian m4 chan gw edit m4 adalah senjata
@rifaldiprapigi,birahi sama kotak,0,2025-07-02T13:55:20Z,birahi sama kotak
@Pvz_Gaming9,wahyu oji:mana tahan,0,2025-07-02T13:39:39Z,wahyu oji mana tahan
@Hollycow_33I,Birahi sama char roblox? Selamat anda telah menjadi FETISHğŸ‰,0,2025-07-02T13:38:51Z,birahi sama char roblox selamat anda telah menjadi fetish
@alvinoilham.alqudus,Gooners woilağŸ˜¹,0,2025-07-02T13:26:05Z,gooners woila
@ROBOT_V1.1,Mendingan liat bacon dari pada liat Avatar begitu,0,2025-07-02T13:07:11Z,mendingan liat bacon dari pada liat avatar begitu
@Mc_Craft11,Di FB FL gua pada sange njir,0,2025-07-02T12:51:09Z,di fb fl gua pada sange njir
@exGor123,oji ojiğŸ˜‚,0,2025-07-02T12:48:41Z,oji oji
@ipangRobloxindonesia,Avatar sekarang aneh-aneh,0,2025-07-02T12:45:20Z,avatar sekarang aneh aneh
@ipangRobloxindonesia,Kenapa pada suka ginian dah,0,2025-07-02T12:44:47Z,kenapa pada suka ginian dah
@ipangRobloxindonesia,BroğŸ’€,0,2025-07-02T12:44:26Z,bro
@baguswijayanto6494,Si bro birahi dengan kotak ?,0,2025-07-02T12:41:19Z,si bro birahi dengan kotak
@sinonon2,orang gilağŸ—¿,0,2025-07-02T12:36:30Z,orang gila
@batubetraABC,Nooo adik kita dalam bahaya,0,2025-07-02T12:27:46Z,nooo adik kita dalam bahaya
@nefalz,Kacau,0,2025-07-02T12:15:53Z,kacau
@Fahri081,Gak jelas jir ğŸ˜,0,2025-07-02T12:15:47Z,gak jelas jir
@ketan_gg,Freaky jir yg mau birahi Ama karakter RobloxğŸ’€,0,2025-07-02T12:13:45Z,freaky jir yg mau birahi ama karakter roblox
@Senomaa,Astaghfirullah gambarnya,0,2025-07-02T12:10:28Z,astaghfirullah gambarnya
@Senomaa,Astaghfirullah gambarnya,0,2025-07-02T12:10:27Z,astaghfirullah gambarnya
@Senomaa,Astaghfirullah gambarnya,0,2025-07-02T12:09:58Z,astaghfirullah gambarnya
@Neroliquid,istri gw,0,2025-07-02T12:06:24Z,istri gw
@BlackZorokururo,Gak,0,2025-07-02T12:05:03Z,gak
@yanzz_9601,Birahi sama avatar Roblox sama aja kaya birahi sama anime,1,2025-07-02T11:26:56Z,birahi sama avatar roblox sama aja kaya birahi sama anime
@Ozaioooooooo,Kenapa nama gw cok oji wahyu noooo,0,2025-07-02T11:23:04Z,kenapa nama gw cok oji wahyu noooo
@IzudinAmzYT,gua tiap buka ig ketemu ini mulu anjir ğŸ˜‚ğŸ™ğŸ¼,0,2025-07-02T11:18:21Z,gua tiap buka ig ketemu ini mulu anjir
@farelanggara211,Jir,0,2025-07-02T11:14:44Z,jir
@ExcCh,"Ya gak lah gila kali lu suka sama karakter game, itu mah gilanya udah kelewat jir, jangan sampe gw habis ini denger kabar ada guling gambar karakter ini gw tonjok jir hp gw cog",0,2025-07-02T11:06:56Z,ya gak lah gila kali lu suka sama karakter game itu mah gilanya udah kelewat jir jangan sampe gw habis ini denger kabar ada guling gambar karakter ini gw tonjok jir hp gw cog
@wipzdee1,Aduhai ada  banyak cwek tapi milih character roblox,0,2025-07-02T10:49:47Z,aduhai ada banyak cwek tapi milih character roblox
@swagduck5473,Bikin game roblox nambah kaya,0,2025-07-02T10:42:21Z,bikin game roblox nambah kaya
@19Eren-YEAGER,Bahas AOT lagi,0,2025-07-02T10:32:19Z,bahas aot lagi
@HerexFarel-p1k,Apalah ava seksi aja suka mending maen dead rails,0,2025-07-02T10:24:05Z,apalah ava seksi aja suka mending maen dead rails
@KamuNanyea-s1s,"Biar saya jelaskan untuk yang muslim hukum nya apağŸ˜‚ğŸ—¿ 
 
Hukumnya sih makruh aja kalo cuma suka kalo udah sampe c0l# itumah udah gila anjir bukan haram itumah gila cokğŸ—¿",0,2025-07-02T10:21:19Z,biar saya jelaskan untuk yang muslim hukum nya apa hukumnya sih makruh aja kalo cuma suka kalo udah sampe c0l itumah udah gila anjir bukan haram itumah gila cok
@rakaD.k,"ketika wanita main roblox char nya cantik, sedang kan gw malah jadi kapibara",0,2025-07-02T10:21:18Z,ketika wanita main roblox char nya cantik sedang kan gw malah jadi kapibara
@hekal0743,stres,0,2025-07-02T10:20:35Z,stres
@iwak-i1s,Bro it's just a pixel ğŸ’€,0,2025-07-02T10:14:39Z,bro it s just a pixel
@mikaelbocil848,BACON HAIR TETAP DI HATI,0,2025-07-02T10:14:05Z,bacon hair tetap di hati
@MaherAl-k7e,Biasanya etak on Titan sekarang Roblox,0,2025-07-02T10:12:35Z,biasanya etak on titan sekarang roblox
@ImanSyahrizal-x9p,Sebenarnya sih di bawa santai aja tapi stressğŸ¤£ğŸ¤£,0,2025-07-02T10:05:26Z,sebenarnya sih di bawa santai aja tapi stress
@KrisnaNathaAldiswara-nw6hr,Tidak normal soalnya namanya ada wahyu nyağŸ˜‚ğŸ˜‚ğŸ˜‚ğŸ˜‚di chat langsung ngeh,0,2025-07-02T10:05:05Z,tidak normal soalnya namanya ada wahyu nya di chat langsung ngeh
@humamsantuy,"di ig ada tuh memenya. isi kolom komentarnya penuh dengan 
""kapan dia sadar dok?""(stiker spongebob yang mukanya keheranan)
lagian aneh aneh ya, orang yang suka sama karakter anime aja kadang di bilang ""ga wajar, suka sama karakter kartun, 2d"" ini lebih parah pakğŸ˜‚ğŸ˜‚",1,2025-07-02T09:51:10Z,di ig ada tuh memenya isi kolom komentarnya penuh dengan kapan dia sadar dok stiker spongebob yang mukanya keheranan lagian aneh aneh ya orang yang suka sama karakter anime aja kadang di bilang ga wajar suka sama karakter kartun 2d ini lebih parah pak
@Nagi_969,B aja anime buat apa jir,0,2025-07-02T09:47:59Z,b aja anime buat apa jir
@OkkyJellydrinkk,Hell nawww sagne dengan kotak kotak dawg ğŸ’€ğŸ’€ğŸ’€ğŸ’€,0,2025-07-02T09:39:48Z,hell nawww sagne dengan kotak kotak dawg
@Bone621,WHAATT THEEE HELL,0,2025-07-02T09:39:37Z,whaatt theee hell
@zhinzero-777,Bukan gara2 itu min tapi gara gra jandel,0,2025-07-02T09:38:33Z,bukan gara2 itu min tapi gara gra jandel
@kukumacan2199,Oi ğŸ˜‚ mengapa demikian rek,0,2025-07-02T09:34:11Z,oi mengapa demikian rek
@Mine._Zyy,ğŸ¥±ğŸ˜¹ğŸ˜¹,0,2025-07-02T09:29:27Z,
@IRZEN,Kebanyakan sekarang player roblox terutama di Indonesia itu boti klo klian kgk percaya dan botinya itu fix para bocil yg caper,0,2025-07-02T09:20:07Z,kebanyakan sekarang player roblox terutama di indonesia itu boti klo klian kgk percaya dan botinya itu fix para bocil yg caper
@MuhRezky-c2w,susss   bangâ˜ ï¸â˜ ï¸â˜ ï¸â˜ ï¸,0,2025-07-02T09:15:06Z,susss bang
@radoaf5058,stress,0,2025-07-02T09:13:58Z,stress
@ReyR22Red,"Gedein dikit bisa, dibicarakan!ğŸ˜ğŸ˜¹",1,2025-07-02T08:40:19Z,gedein dikit bisa dibicarakan
@ekaahmad5384,"Bawa santai aja sebenarnya gua juga sering main Roblox, sering juga ketemu character cewek cakep gitu tapi ya biasa aja soalnya fokus main, nah kenapa bisa viral character roblok cewek ini? Soalnya pusat perhatian ya ke dia doang kalo main mah boro2 ngelirik paling juga mantengin stok",5,2025-07-02T08:26:43Z,bawa santai aja sebenarnya gua juga sering main roblox sering juga ketemu character cewek cakep gitu tapi ya biasa aja soalnya fokus main nah kenapa bisa viral character roblok cewek ini soalnya pusat perhatian ya ke dia doang kalo main mah boro2 ngelirik paling juga mantengin stok
@SharpnessMC,Rusak rusak,0,2025-07-02T08:22:36Z,rusak rusak
@Apidz-IX,"Oji Wahyudi ğŸ¤£ğŸ¤£ğŸ¤£ğŸ¤£ğŸ¤£,mana digrup fb timpa teks banyak versinya lagi ğŸ˜­ğŸ˜­ğŸ¤£ğŸ¤£ğŸ¤£ğŸ¤£ğŸ¤£",0,2025-07-02T07:50:58Z,oji wahyudi mana digrup fb timpa teks banyak versinya lagi
@ZenvyCh,"sebagai streamer roblox senang bisa rame, dan aku cuma nganggap ini joke aja, yakali ada orang beneran sange an ama roblox bjirğŸ˜­",0,2025-07-02T07:42:52Z,sebagai streamer roblox senang bisa rame dan aku cuma nganggap ini joke aja yakali ada orang beneran sange an ama roblox bjir
@Princeofsand-d4r,Kotak kotak Cok!!ğŸ˜…ğŸ˜…,1,2025-07-02T07:40:57Z,kotak kotak cok
@RyuuzakiZanagi,Masih mending ngehayal nikah ama waifu dari pada sange ama karakter game yg bahkan hampir kotak kotak kek menkrep ğŸ˜,0,2025-07-02T07:38:00Z,masih mending ngehayal nikah ama waifu dari pada sange ama karakter game yg bahkan hampir kotak kotak kek menkrep
@Martinoballs,Mmk lahh. Kebuka dikit di bilang pornoğŸ˜,0,2025-07-02T07:30:52Z,mmk lahh kebuka dikit di bilang porno
@Dreamm551,Infokan foto foto nya dari mana bang?,0,2025-07-02T07:22:48Z,infokan foto foto nya dari mana bang
@Akbar-zp1jj,"Ada banyak chart dari Genshin,ZZZ,Honkai tapi kenapa harus Roblox cokğŸ˜­",0,2025-07-02T07:20:36Z,ada banyak chart dari genshin zzz honkai tapi kenapa harus roblox cok
@banxderslebew9124,"yg salah ni pemain nya, Jan bikin orang bernafsu pada fantasi kalian, fetis orng beda2 bukan suka furry, MinecraftğŸ˜‚,, pada inti nya klo ngk mau bikin orng birahi Jan mancing aj",0,2025-07-02T07:10:40Z,yg salah ni pemain nya jan bikin orang bernafsu pada fantasi kalian fetis orng beda2 bukan suka furry minecraft pada inti nya klo ngk mau bikin orng birahi jan mancing aj
@gemini924,"aku yang main roblox karena ada clan roblox di Alternate Battleground Be like :
kukira ramai karena nostalgia, ternyata karena avatar cewekğŸ˜®â€ğŸ’¨ğŸ˜®â€ğŸ’¨ğŸ˜®â€ğŸ’¨",3,2025-07-02T07:09:47Z,aku yang main roblox karena ada clan roblox di alternate battleground be like kukira ramai karena nostalgia ternyata karena avatar cewek
@kalakunmeme493,"""antum birahi sama kartun"" moment",0,2025-07-02T07:08:32Z,antum birahi sama kartun moment
@RADENKECE,mending jadi petani grow a gardenğŸ˜‚,0,2025-07-02T06:54:35Z,mending jadi petani grow a garden
@FORGOTTEN_FIXED,"Aku main roblox, tapi aku gk liat itu, aku main roblox karna temen aku main juga, kan malas juga main ML kalah muluğŸ—¿",0,2025-07-02T06:52:54Z,aku main roblox tapi aku gk liat itu aku main roblox karna temen aku main juga kan malas juga main ml kalah mulu
@KingWhite010,Yang gak main Roblox bilek:hoğŸ—¿,0,2025-07-02T06:51:10Z,yang gak main roblox bilek ho
@Stay_Halal1141,"Ayoalah bun itu ame tqrget ke ank anak
Orang indo udh ngerusak gme roblox am ava yg sus , gua maen roblox dlu tenaaaang aj sekarang org org udh pada aneh semua caboel , biruahi pulak , anak kls 3 sd aja udh bisa ngehina yttm ama miskin gila gk tuh . Masih mending maen ama orang luar dri pada orang indo sendiri , buat bljr b inggris juga",1,2025-07-02T06:49:30Z,ayoalah bun itu ame tqrget ke ank anak orang indo udh ngerusak gme roblox am ava yg sus gua maen roblox dlu tenaaaang aj sekarang org org udh pada aneh semua caboel biruahi pulak anak kls 3 sd aja udh bisa ngehina yttm ama miskin gila gk tuh masih mending maen ama orang luar dri pada orang indo sendiri buat bljr b inggris juga
@Aal-l2g,Dan temannya oji wahyudi pun sampai bikin status sambil vn kalo dia heran kok ada aja yang ange sama ava gameğŸ˜‚,0,2025-07-02T06:45:35Z,dan temannya oji wahyudi pun sampai bikin status sambil vn kalo dia heran kok ada aja yang ange sama ava game
@Galaksinya_,Bro adalah Pasian RSJ,0,2025-07-02T06:45:10Z,bro adalah pasian rsj
@MichaelTCFREEPALESTINE,Biasa aja itu sama aja kek samge ama kartun dan game,0,2025-07-02T06:33:20Z,biasa aja itu sama aja kek samge ama kartun dan game
@serigala-tersakiti,Penyakit gila tak tertolong kan,0,2025-07-02T06:26:33Z,penyakit gila tak tertolong kan
@CHIKIFORTUNE,Game yg dlu dibuat untuk edukasi dan sekarang sudah tidak lagiğŸ˜¢,0,2025-07-02T06:19:09Z,game yg dlu dibuat untuk edukasi dan sekarang sudah tidak lagi
@Zenji-sama,Bro sungguh crazy ğŸ’€,0,2025-07-02T06:17:38Z,bro sungguh crazy
@Brackanimators,Itu org ny birahi berat SDM rendahğŸ˜‚ğŸ˜‚ğŸ˜‚,0,2025-07-02T06:12:55Z,itu org ny birahi berat sdm rendah
@fathiribrahim-h2z,"Kuntum
farm nya udh di",1,2025-07-02T05:59:55Z,kuntum farm nya udh di
@FarizYeager1,Mending Gua Main Free Fire Dari Pada TernodaiğŸ—¿,0,2025-07-02T05:58:06Z,mending gua main free fire dari pada ternodai
@yusufhanifah4550,Ts Js pmo fr I miss 2018 era fr,0,2025-07-02T05:55:58Z,ts js pmo fr i miss 2018 era fr
@Skyvye1,Antum birahi dengan kubusğŸ˜¡,0,2025-07-02T05:55:08Z,antum birahi dengan kubus
@Ganis_kingg,:D,0,2025-07-02T05:53:33Z,d
@raynarfarzan653,Wah tadi yang foto chat itu udah gak waras kok bisa gitu sama karakter roblox kalo ngajak main gara gara banyak yang sseru sama nemu game yang bagus normal lah tapi kalau gitu udah gak bener,0,2025-07-02T05:52:37Z,wah tadi yang foto chat itu udah gak waras kok bisa gitu sama karakter roblox kalo ngajak main gara gara banyak yang sseru sama nemu game yang bagus normal lah tapi kalau gitu udah gak bener
@kiyoshioga,Oji wahyudi ğŸ˜‚,0,2025-07-02T05:51:38Z,oji wahyudi
@Infero_Cool,Padahal tuhan gak kurang kurang/banyak ciptain perempuan buat jadi pasangan lu.Lah lu malah birahi sama karakter gameğŸ—¿,1,2025-07-02T05:48:10Z,padahal tuhan gak kurang kurang banyak ciptain perempuan buat jadi pasangan lu lah lu malah birahi sama karakter game
@YuraNoirID,Gooning ğŸ¤£ğŸ¤£,0,2025-07-02T05:47:40Z,gooning
@org_gabut73648,"Yg buat lah, yg suka lah, sama sama gila ...
 mungkin mereka sudah tidak waras lagi ğŸ—¿",0,2025-07-02T05:45:18Z,yg buat lah yg suka lah sama sama gila mungkin mereka sudah tidak waras lagi
@BAXIBOX,YhahağŸ˜‚,0,2025-07-02T05:39:46Z,yhaha
@callmefajril,kalo di bilang suka ya normal normal aja selagi jangan di jadiin bacol,0,2025-07-02T05:37:57Z,kalo di bilang suka ya normal normal aja selagi jangan di jadiin bacol
@the_vanxtroit,"Wah,make tu orang",1,2025-07-02T05:30:22Z,wah make tu orang
@NatanPrambon,Hell nah birahi sama avatar rolnuk,0,2025-07-02T05:21:25Z,hell nah birahi sama avatar rolnuk
@MR.Riverz,B aja gw mah  orang nya aja kali yang stress,1,2025-07-02T05:14:50Z,b aja gw mah orang nya aja kali yang stress
@Ilham_Bay,"""Kenapa harus roblox COKKK""       -Pria misterius",0,2025-07-02T05:14:09Z,kenapa harus roblox cokkk pria misterius
@infinixroblox,finally roblox cuy,0,2025-07-02T05:14:04Z,finally roblox cuy
@Ridwan-u3o,Fetish baru,0,2025-07-02T05:11:19Z,fetish baru
@Nolan-xryy01,"Liat avatar doang bisa sange, udh gila tu orangğŸ˜‚",0,2025-07-02T05:08:18Z,liat avatar doang bisa sange udh gila tu orang
@YuliAna-x4b3f,Gua mending gua nonton guest saja dari pada vidio itu,0,2025-07-02T05:07:26Z,gua mending gua nonton guest saja dari pada vidio itu
@ABHISTASPEED,"Ini bukan kasus terparah, kasus terparah ada di game minecraftğŸ—¿",0,2025-07-02T05:04:59Z,ini bukan kasus terparah kasus terparah ada di game minecraft
@BimaNyu-hp,Wa aku sampai giler omggggggg yiahh yametehhğŸ˜Š,0,2025-07-02T05:04:54Z,wa aku sampai giler omggggggg yiahh yametehh
@beginner-CUX01,Lebih baik tidak tahu,0,2025-07-02T05:03:33Z,lebih baik tidak tahu
@ReyAlphaexe,Gua main roblox sih gara gara seru ada banyak game di roblox gua heran dengan anak roblox zama sekarang ğŸ—¿ğŸ—¿ğŸ—¿ğŸ—¿ğŸ—¿ğŸ—¿ğŸ—¿ğŸ—¿ğŸ—¿ğŸ—¿ğŸ—¿ğŸ—¿ğŸ—¿,0,2025-07-02T04:59:48Z,gua main roblox sih gara gara seru ada banyak game di roblox gua heran dengan anak roblox zama sekarang
@Werli.n,Mending gw jadi garou,0,2025-07-02T04:56:44Z,mending gw jadi garou
@PangfungAnthemrar,Nah ente mau birahi ama karakter Roblox â˜ ï¸,0,2025-07-02T04:56:32Z,nah ente mau birahi ama karakter roblox
@arqaalwin,Benjir di buwat riviu nya juga jir â¤ ori wahyudi,0,2025-07-02T04:55:54Z,benjir di buwat riviu nya juga jir ori wahyudi
@Keii_pretty,Mending nntn aotğŸ—¿,0,2025-07-02T04:53:47Z,mending nntn aot
@Wthel_3,Gua main roblox cuma mau seru-seruan aja bangğŸ˜Š,0,2025-07-02T04:52:48Z,gua main roblox cuma mau seru seruan aja bang
@Benhurgaming,Alamak najisnya,0,2025-07-02T04:51:45Z,alamak najisnya
@665gnal,"Lu liat bikin nganceng kanğŸ˜‚
""Kata bocil di wa""",0,2025-07-02T04:51:04Z,lu liat bikin nganceng kan kata bocil di wa
@jjpkxd,Bang gw aslinya GK suka sih main sama cewek apalagi di game gw aja GK sopan sama  ortu apalagi cewek  gw main di PS aja,0,2025-07-02T04:50:45Z,bang gw aslinya gk suka sih main sama cewek apalagi di game gw aja gk sopan sama ortu apalagi cewek gw main di ps aja
@KevLar-i9v,Gua nggak terta RikğŸ˜Š,0,2025-07-02T04:49:24Z,gua nggak terta rik
@Eireng,Ah normal ini mahğŸ˜‚ğŸ˜‚,0,2025-07-02T04:48:14Z,ah normal ini mah
@dabedo27,"sementara gw

-main jadi bajak laut  (blox fruit)
-jadi petani  (grow a garden)
-naik kereta sambil bunuh zombie (dead rails)
-main fps 2 vs 2 (rivals)
-tarung pakek kekuatan anime (the strongest battle ground)


lo pikir gw peduli sama avatar!!!!!!!!!!!!!!!",0,2025-07-02T04:47:15Z,sementara gw main jadi bajak laut blox fruit jadi petani grow a garden naik kereta sambil bunuh zombie dead rails main fps 2 vs 2 rivals tarung pakek kekuatan anime the strongest battle ground lo pikir gw peduli sama avatar
@dandi6779,Ahh normal inimah,0,2025-07-02T04:45:09Z,ahh normal inimah
@muchamadteguh4177,"Dibawa santai, palingan itu avatar di buru buat hode2 ğŸ˜‚",1,2025-07-02T04:44:52Z,dibawa santai palingan itu avatar di buru buat hode2
@FuckOff23-w4d,Masih mending stellar blade gw sange jir bentuk 3d dengan postur badan yg realistis dripada roblok mah jir,0,2025-07-02T04:31:55Z,masih mending stellar blade gw sange jir bentuk 3d dengan postur badan yg realistis dripada roblok mah jir
@TutorialAndGame4,Aku ada versi ai nya ğŸ˜œ,0,2025-07-02T04:31:00Z,aku ada versi ai nya
@Noob27-r2o,Aku ya ga tahu kalo ada char kaya gini di roblox (aku ga main)ğŸ—¿,2,2025-07-02T04:27:26Z,aku ya ga tahu kalo ada char kaya gini di roblox aku ga main
@ZFV-q1r,mendingan gw pake ava gw sendiri,0,2025-07-02T04:21:28Z,mendingan gw pake ava gw sendiri
@suskiryu,Hell nawh jadi banyak Gooner gini di road blockğŸ’€,7,2025-07-02T04:21:03Z,hell nawh jadi banyak gooner gini di road block
@BerthlyNgilamele,"Gw aja maen roblox, karna ngecheat, awok awok awok, pengguna delta=exploiter ğŸ¤«ğŸ§",1,2025-07-02T04:20:16Z,gw aja maen roblox karna ngecheat awok awok awok pengguna delta exploiter
@MuhammadMisbahulmunir-u4h,Bang bahas anime jojo Blizzard adventure,0,2025-07-02T04:16:35Z,bang bahas anime jojo blizzard adventure
@sngd_begitulah,Makin ngawur nih org org ğŸ˜‚,2,2025-07-02T04:14:55Z,makin ngawur nih org org
@yasaja-x2d,Oji wahyudi kebelet ama Avatar Roblox wkwkkwk,8,2025-07-02T04:13:08Z,oji wahyudi kebelet ama avatar roblox wkwkkwk
@muhammadridwan2241,Bocah itu sepertinya belum pernah bertemu dengan kucing peduli dan ipo chanğŸ—¿,50,2025-07-02T04:12:21Z,bocah itu sepertinya belum pernah bertemu dengan kucing peduli dan ipo chan
@FatahAlfatah-r9r,Gw main roblox karena ada grow a garden,0,2025-07-02T04:09:44Z,gw main roblox karena ada grow a garden
@ZaldiKurniawan,Mending main map battlegrounds dan jadi petani,0,2025-07-02T04:06:45Z,mending main map battlegrounds dan jadi petani
@SelviAna-v7k,ğŸ˜‚ğŸ˜‚ğŸ˜‚ğŸ˜‚ğŸ˜‚Hhhhh  apan  tuajir  bisaaja,0,2025-07-02T04:05:59Z,hhhhh apan tuajir bisaaja
@ZakiakiAKI,Apakah anda birahi sama avatar roblox?,0,2025-07-02T04:05:16Z,apakah anda birahi sama avatar roblox
@Ruri_Biawak,"Makin Ngawur dah nafsu Manusia Zaman sekarang 

Kagak Heran Dah kalau Di Masa depan Ada yg Nafsu ama Eee apa ya? pou kali",0,2025-07-02T04:04:43Z,makin ngawur dah nafsu manusia zaman sekarang kagak heran dah kalau di masa depan ada yg nafsu ama eee apa ya pou kali
@kovlaaismine,intinya hampir semua player roblok setengah caboelğŸ˜‚,1,2025-07-02T04:02:14Z,intinya hampir semua player roblok setengah caboel
@NuggUhuyyy,Anda birahi dengan char roblox?? Anda sudah gila ğŸ˜‚,455,2025-07-02T04:01:05Z,anda birahi dengan char roblox anda sudah gila
@ayano3225,memeng main Roblox bikin gablokğŸ˜‚,1,2025-07-02T03:52:49Z,memeng main roblox bikin gablok
@Alwiverse,Bukan bang karena Roblox ada 40Miliar lebih game atau game grow a garden,0,2025-07-02T03:50:44Z,bukan bang karena roblox ada 40miliar lebih game atau game grow a garden
@AryaSatya-f3g,Aku juga mwğŸ˜‹,0,2025-07-02T03:47:40Z,aku juga mw
@Bimzznoelite205,Udah nggak ketolong si ğŸ—¿,0,2025-07-02T03:46:25Z,udah nggak ketolong si
@cuma_malezzxt,Anda birahi sama avatar robloxğŸ˜‚,2,2025-07-02T03:43:55Z,anda birahi sama avatar roblox
@FATIH2016-s5f,Gw GK main Roblox game haram,1,2025-07-02T03:42:36Z,gw gk main roblox game haram
@FATIH2016-s5f,Roblox game haram bjir,1,2025-07-02T03:42:14Z,roblox game haram bjir
@NG-Z18,"Ah, itumah orang gila yang salah tubuhğŸ—¿",1,2025-07-02T03:40:29Z,ah itumah orang gila yang salah tubuh
@NPC178-f4b,Menurut aku gak normal bg,1,2025-07-02T03:40:16Z,menurut aku gak normal bg
@irfan12_ZL,Memang Roblox game penuh viralnya,1,2025-07-02T03:39:00Z,memang roblox game penuh viralnya
@tedjoas,Gua lebih setuju orang nikah sama anime,0,2025-07-02T03:38:45Z,gua lebih setuju orang nikah sama anime
@YTBORTOD_KW,gw main Roblox tapi main blox fruit,0,2025-07-02T03:38:10Z,gw main roblox tapi main blox fruit
@Jesen135,Lah kukira karena game grow a garden,0,2025-07-02T03:37:35Z,lah kukira karena game grow a garden
@Kenneth-k9r,Dibawa santai aja b aja gua mah main Roblox cuma main kaya gitu doang,0,2025-07-02T03:35:53Z,dibawa santai aja b aja gua mah main roblox cuma main kaya gitu doang
@ismalajha1605,"BERARTI TUH BOCIL MASIH BELUM TERJERUMUS VIDEO FOURNO ANDAI DIA TAU VIDEO FOURNO MUNGKIN PAS DIA LIHAT KARAKTERÂ² KAYAK GINI ""AHH MEMBOSANKAN""",32,2025-07-02T03:35:45Z,berarti tuh bocil masih belum terjerumus video fourno andai dia tau video fourno mungkin pas dia lihat karakter kayak gini ahh membosankan
@qothrus,"Nggak bisa nyalahin, toh gua juga berkhayal nikahin waifu gua",0,2025-07-02T03:34:58Z,nggak bisa nyalahin toh gua juga berkhayal nikahin waifu gua
@hayaky73,Di game cantik di real life......,156,2025-07-02T03:34:23Z,di game cantik di real life
@Siwibugaboed,GK normal jirğŸ’€,0,2025-07-02T03:30:33Z,gk normal jir
@MichaelRooroh-c7q,gw aja main Roblox Cuman Gara-gara Parkour buat Fast handğŸ—¿,4,2025-07-02T03:30:15Z,gw aja main roblox cuman gara gara parkour buat fast hand
@foren212,Daripada nonton yg gituan mendingan jadi petani ajağŸ˜‚ğŸ˜‚ğŸ˜‚,238,2025-07-02T03:26:06Z,daripada nonton yg gituan mendingan jadi petani aja
@RAGNAROKFW,Kalo aku sih karena game peta petağŸ—¿,0,2025-07-02T03:25:49Z,kalo aku sih karena game peta peta
@kusurscientist56,Bro gooning sama avatar robloxğŸ’€â˜ ï¸,22,2025-07-02T03:25:27Z,bro gooning sama avatar roblox
@KRATOS_...,"Diajak becanda aja tu, masa iya sanguk sama karakter begituan orang indo?",0,2025-07-02T03:24:32Z,diajak becanda aja tu masa iya sanguk sama karakter begituan orang indo
@kazumaxd8649,udh ku blng game ini gila,0,2025-07-02T03:21:17Z,udh ku blng game ini gila
@Rexxzzr,damnğŸ¥€ğŸ’”,0,2025-07-02T03:18:12Z,damn
@Aldous-e3k,hell nah ğŸ’€ğŸ’€,0,2025-07-02T03:16:40Z,hell nah
@Abdan_ElFatih,Kok bahas game bang apa ga bahas anime atack on titan,0,2025-07-02T03:14:21Z,kok bahas game bang apa ga bahas anime atack on titan
@junsin4348,Aku yakin mereka suka Avatar ini orang stress,0,2025-07-02T03:14:15Z,aku yakin mereka suka avatar ini orang stress
@badang-w3e,Astagfirullah itu cuma geme loh sumpah ğŸ˜…ğŸ˜…ğŸ˜…,0,2025-07-02T03:13:37Z,astagfirullah itu cuma geme loh sumpah
@BagasBahtiar-di5xg,"Kata gue, cuman orang setres yg fetish ama karakter roblox",0,2025-07-02T03:12:05Z,kata gue cuman orang setres yg fetish ama karakter roblox
@keanuragil6652,GanormalğŸ’€,1,2025-07-02T03:11:57Z,ganormal
@indradra1918,bang kok tumben bahas roblox bukan anime,0,2025-07-02T03:11:10Z,bang kok tumben bahas roblox bukan anime
@DrawAeroAviationID,Bahkan karakter game anak anak malah dijadiin seksi âœ‹ğŸ’€ğŸ¤š,0,2025-07-02T03:10:37Z,bahkan karakter game anak anak malah dijadiin seksi
@EndanGaming,hell nah broo ğŸ¥€ğŸ’”,0,2025-07-02T03:10:32Z,hell nah broo
@Firdaus21-02,What antum birahi sama Avatar Roblox ğŸ’€,80,2025-07-02T03:09:38Z,what antum birahi sama avatar roblox
@NicoDJoyboy,uda ganti server ke game roblox kah min anime?,0,2025-07-02T03:09:18Z,uda ganti server ke game roblox kah min anime
@rifqysanjaya6196,Kenapa art style yang diawal....ah sudahlah,0,2025-07-02T03:05:31Z,kenapa art style yang diawal ah sudahlah
@YulianWang77,ğŸ’”ğŸ’”ğŸ¥€ğŸ¥€,0,2025-07-02T03:05:16Z,
@renzz5487,Banyak yg Sussy baka bruhh,0,2025-07-02T03:05:09Z,banyak yg sussy baka bruhh
@nfy_xz,TIIIKKKK TOOKKKK,0,2025-07-02T03:04:15Z,tiiikkkk tookkkk
@Salindo_2023,ğŸ—¿,0,2025-07-02T03:03:59Z,
@RIZZCHANNEL-g8f,Bang kalau Sasha masih hidup sampai rumbling apa yang dia lakukan,0,2025-07-02T03:03:45Z,bang kalau sasha masih hidup sampai rumbling apa yang dia lakukan
@NavzyterXD,ğŸ’”ğŸ¥€,0,2025-07-02T03:02:15Z,
@UchihaItachi-x6m,Halo bang ğŸ‰ğŸ˜Š,0,2025-07-02T03:01:38Z,halo bang
